[
{
    "model": "authuser.account",
    "pk": 1,
    "fields": {
        "password": "pbkdf2_sha256$600000$IojZlJHs1b7lyWM20Rlt8B$OnD1r1UiA2T4KJGfBdj4vJAX/8eDiMM6rQWEwgGeHS8=",
        "last_login": "2024-12-08T14:02:39.894Z",
        "is_superuser": true,
        "username": "mahsan",
        "first_name": "",
        "last_name": "",
        "email": "mahsan.ps@gmail.com",
        "is_staff": true,
        "is_active": true,
        "date_joined": "2024-12-04T06:13:39Z",
        "firstname": "",
        "lastname": "",
        "phone": "09106061603",
        "groups": [],
        "user_permissions": []
    }
},
{
    "model": "authuser.account",
    "pk": 2,
    "fields": {
        "password": "pbkdf2_sha256$600000$iGfQAo9jMS1pHkAaWH3Zxq$R+5Gizk122qpVPzvXy6DcEuTi8KZPY64nm0nv1DwPUc=",
        "last_login": "2024-12-10T14:46:46.163Z",
        "is_superuser": false,
        "username": "sana",
        "first_name": "",
        "last_name": "",
        "email": "mahsan_paksima@yahoo.comm",
        "is_staff": false,
        "is_active": true,
        "date_joined": "2024-12-04T10:24:05.188Z",
        "firstname": "",
        "lastname": "",
        "phone": "09123882686",
        "groups": [],
        "user_permissions": []
    }
},
{
    "model": "authuser.account",
    "pk": 3,
    "fields": {
        "password": "pbkdf2_sha256$600000$cqWSIh36IX90hv6O5jKRSl$0tYwDZrJBW9KEr76e5xMflUeL4iIGPQHo3HW97lYlUw=",
        "last_login": "2024-12-08T09:25:27.653Z",
        "is_superuser": false,
        "username": "Dancing_store",
        "first_name": "",
        "last_name": "",
        "email": "nahal.yekta20@gmail.com",
        "is_staff": false,
        "is_active": true,
        "date_joined": "2024-12-04T12:00:48.081Z",
        "firstname": "",
        "lastname": "",
        "phone": "09123011412",
        "groups": [],
        "user_permissions": []
    }
},
{
    "model": "authuser.account",
    "pk": 4,
    "fields": {
        "password": "pbkdf2_sha256$600000$9H4bnWinGxWxesZE9gyuNx$3H4/lPxG/8vrc1MUMPMva3TcwWJB5YdOyl3i6SNknOw=",
        "last_login": "2024-12-04T12:45:04.050Z",
        "is_superuser": false,
        "username": "helios__boutique",
        "first_name": "",
        "last_name": "",
        "email": "egohari03@gmail.com",
        "is_staff": false,
        "is_active": true,
        "date_joined": "2024-12-04T12:45:02.879Z",
        "firstname": "",
        "lastname": "",
        "phone": "09197260757",
        "groups": [],
        "user_permissions": []
    }
},
{
    "model": "authuser.account",
    "pk": 5,
    "fields": {
        "password": "pbkdf2_sha256$600000$Qc0CUzjYH3HcyC8dSMIv1k$5wRra8lvcv4GVcUddGmEcK5Gtqa5Lxuu6JrSyMi8+Eo=",
        "last_login": "2024-12-04T13:13:15.338Z",
        "is_superuser": false,
        "username": "anova_women",
        "first_name": "",
        "last_name": "",
        "email": "behzad.keyvanjah@gmail.com",
        "is_staff": false,
        "is_active": true,
        "date_joined": "2024-12-04T13:02:09.245Z",
        "firstname": "",
        "lastname": "",
        "phone": "09198607636",
        "groups": [],
        "user_permissions": []
    }
},
{
    "model": "authuser.account",
    "pk": 6,
    "fields": {
        "password": "pbkdf2_sha256$600000$v3TcglNCxIBA41fzQ2Ipqz$JefafnX5cBPeOxrNrm7qELDmKvLclYFmGBT/q1wbVvU=",
        "last_login": "2024-12-04T13:08:11.756Z",
        "is_superuser": false,
        "username": "versai_room2",
        "first_name": "",
        "last_name": "",
        "email": "alifallah0098@yahoo.com",
        "is_staff": false,
        "is_active": true,
        "date_joined": "2024-12-04T13:08:10.524Z",
        "firstname": "",
        "lastname": "",
        "phone": "09120520105",
        "groups": [],
        "user_permissions": []
    }
},
{
    "model": "authuser.account",
    "pk": 7,
    "fields": {
        "password": "pbkdf2_sha256$600000$wyOZ6meG5VSK2Ll5KIlbsK$PHVidWQxJn0ZqrY4OUaOrWEXPO3cFr3EFMZkXzlV+PI=",
        "last_login": "2024-12-17T10:26:30.118Z",
        "is_superuser": false,
        "username": "Miguelglisa",
        "first_name": "",
        "last_name": "",
        "email": "kertyucds@onet.eu",
        "is_staff": false,
        "is_active": true,
        "date_joined": "2024-12-17T10:26:28.569Z",
        "firstname": "Miguelglisa",
        "lastname": "MiguelglisaAP",
        "phone": "83496694166",
        "groups": [],
        "user_permissions": []
    }
},
{
    "model": "admin.logentry",
    "pk": 1,
    "fields": {
        "action_time": "2024-12-04T06:40:50.486Z",
        "user": 1,
        "content_type": 8,
        "object_id": "1",
        "object_repr": "مد و پوشاک زنان",
        "action_flag": 1,
        "change_message": "[{\"added\": {}}]"
    }
},
{
    "model": "admin.logentry",
    "pk": 2,
    "fields": {
        "action_time": "2024-12-04T06:41:22.860Z",
        "user": 1,
        "content_type": 8,
        "object_id": "1",
        "object_repr": "مد و پوشاک زنان",
        "action_flag": 2,
        "change_message": "[{\"changed\": {\"fields\": [\"Image\"]}}]"
    }
},
{
    "model": "admin.logentry",
    "pk": 3,
    "fields": {
        "action_time": "2024-12-04T06:42:21.595Z",
        "user": 1,
        "content_type": 8,
        "object_id": "2",
        "object_repr": "مد و پوشاک مردان",
        "action_flag": 1,
        "change_message": "[{\"added\": {}}]"
    }
},
{
    "model": "admin.logentry",
    "pk": 4,
    "fields": {
        "action_time": "2024-12-04T06:43:18.630Z",
        "user": 1,
        "content_type": 8,
        "object_id": "3",
        "object_repr": "پوشاک کودکان",
        "action_flag": 1,
        "change_message": "[{\"added\": {}}]"
    }
},
{
    "model": "admin.logentry",
    "pk": 5,
    "fields": {
        "action_time": "2024-12-04T06:44:49.007Z",
        "user": 1,
        "content_type": 8,
        "object_id": "4",
        "object_repr": "وسایل حیوانات خانگی",
        "action_flag": 1,
        "change_message": "[{\"added\": {}}]"
    }
},
{
    "model": "admin.logentry",
    "pk": 6,
    "fields": {
        "action_time": "2024-12-04T06:46:19.486Z",
        "user": 1,
        "content_type": 8,
        "object_id": "5",
        "object_repr": "آرایشی بهداشتی",
        "action_flag": 1,
        "change_message": "[{\"added\": {}}]"
    }
},
{
    "model": "admin.logentry",
    "pk": 7,
    "fields": {
        "action_time": "2024-12-04T06:47:28.238Z",
        "user": 1,
        "content_type": 8,
        "object_id": "6",
        "object_repr": "ورزشی و سفر",
        "action_flag": 1,
        "change_message": "[{\"added\": {}}]"
    }
},
{
    "model": "admin.logentry",
    "pk": 8,
    "fields": {
        "action_time": "2024-12-04T06:48:29.169Z",
        "user": 1,
        "content_type": 8,
        "object_id": "7",
        "object_repr": "خانه و آشپزخانه",
        "action_flag": 1,
        "change_message": "[{\"added\": {}}]"
    }
},
{
    "model": "admin.logentry",
    "pk": 9,
    "fields": {
        "action_time": "2024-12-04T06:49:08.165Z",
        "user": 1,
        "content_type": 8,
        "object_id": "8",
        "object_repr": "هنر و صنایع دستی",
        "action_flag": 1,
        "change_message": "[{\"added\": {}}]"
    }
},
{
    "model": "admin.logentry",
    "pk": 10,
    "fields": {
        "action_time": "2024-12-04T06:50:22.361Z",
        "user": 1,
        "content_type": 8,
        "object_id": "9",
        "object_repr": "بازی و سرگرمی",
        "action_flag": 1,
        "change_message": "[{\"added\": {}}]"
    }
},
{
    "model": "admin.logentry",
    "pk": 11,
    "fields": {
        "action_time": "2024-12-04T06:51:04.783Z",
        "user": 1,
        "content_type": 9,
        "object_id": "1",
        "object_repr": "مشکی",
        "action_flag": 1,
        "change_message": "[{\"added\": {}}]"
    }
},
{
    "model": "admin.logentry",
    "pk": 12,
    "fields": {
        "action_time": "2024-12-04T06:51:09.283Z",
        "user": 1,
        "content_type": 9,
        "object_id": "2",
        "object_repr": "سفید",
        "action_flag": 1,
        "change_message": "[{\"added\": {}}]"
    }
},
{
    "model": "admin.logentry",
    "pk": 13,
    "fields": {
        "action_time": "2024-12-04T06:51:14.721Z",
        "user": 1,
        "content_type": 9,
        "object_id": "3",
        "object_repr": "سورمه ای",
        "action_flag": 1,
        "change_message": "[{\"added\": {}}]"
    }
},
{
    "model": "admin.logentry",
    "pk": 14,
    "fields": {
        "action_time": "2024-12-04T06:51:19.080Z",
        "user": 1,
        "content_type": 9,
        "object_id": "4",
        "object_repr": "سبز",
        "action_flag": 1,
        "change_message": "[{\"added\": {}}]"
    }
},
{
    "model": "admin.logentry",
    "pk": 15,
    "fields": {
        "action_time": "2024-12-04T06:51:27.018Z",
        "user": 1,
        "content_type": 9,
        "object_id": "5",
        "object_repr": "یشمی",
        "action_flag": 1,
        "change_message": "[{\"added\": {}}]"
    }
},
{
    "model": "admin.logentry",
    "pk": 16,
    "fields": {
        "action_time": "2024-12-04T06:51:31.709Z",
        "user": 1,
        "content_type": 9,
        "object_id": "6",
        "object_repr": "بنفش",
        "action_flag": 1,
        "change_message": "[{\"added\": {}}]"
    }
},
{
    "model": "admin.logentry",
    "pk": 17,
    "fields": {
        "action_time": "2024-12-04T06:51:39.922Z",
        "user": 1,
        "content_type": 9,
        "object_id": "7",
        "object_repr": "آبی",
        "action_flag": 1,
        "change_message": "[{\"added\": {}}]"
    }
},
{
    "model": "admin.logentry",
    "pk": 18,
    "fields": {
        "action_time": "2024-12-04T06:51:48.256Z",
        "user": 1,
        "content_type": 9,
        "object_id": "8",
        "object_repr": "نارنجی",
        "action_flag": 1,
        "change_message": "[{\"added\": {}}]"
    }
},
{
    "model": "admin.logentry",
    "pk": 19,
    "fields": {
        "action_time": "2024-12-04T06:51:52.196Z",
        "user": 1,
        "content_type": 9,
        "object_id": "9",
        "object_repr": "نقره ای",
        "action_flag": 1,
        "change_message": "[{\"added\": {}}]"
    }
},
{
    "model": "admin.logentry",
    "pk": 20,
    "fields": {
        "action_time": "2024-12-04T06:51:59.272Z",
        "user": 1,
        "content_type": 9,
        "object_id": "10",
        "object_repr": "کرم",
        "action_flag": 1,
        "change_message": "[{\"added\": {}}]"
    }
},
{
    "model": "admin.logentry",
    "pk": 21,
    "fields": {
        "action_time": "2024-12-04T06:52:14.222Z",
        "user": 1,
        "content_type": 9,
        "object_id": "11",
        "object_repr": "قهوه ای",
        "action_flag": 1,
        "change_message": "[{\"added\": {}}]"
    }
},
{
    "model": "admin.logentry",
    "pk": 22,
    "fields": {
        "action_time": "2024-12-04T06:52:21.207Z",
        "user": 1,
        "content_type": 9,
        "object_id": "12",
        "object_repr": "قرمز",
        "action_flag": 1,
        "change_message": "[{\"added\": {}}]"
    }
},
{
    "model": "admin.logentry",
    "pk": 23,
    "fields": {
        "action_time": "2024-12-04T06:52:26.702Z",
        "user": 1,
        "content_type": 9,
        "object_id": "13",
        "object_repr": "صورتی",
        "action_flag": 1,
        "change_message": "[{\"added\": {}}]"
    }
},
{
    "model": "admin.logentry",
    "pk": 24,
    "fields": {
        "action_time": "2024-12-04T06:52:33.658Z",
        "user": 1,
        "content_type": 9,
        "object_id": "14",
        "object_repr": "طلایی",
        "action_flag": 1,
        "change_message": "[{\"added\": {}}]"
    }
},
{
    "model": "admin.logentry",
    "pk": 25,
    "fields": {
        "action_time": "2024-12-04T06:52:38.070Z",
        "user": 1,
        "content_type": 9,
        "object_id": "15",
        "object_repr": "طوسی",
        "action_flag": 1,
        "change_message": "[{\"added\": {}}]"
    }
},
{
    "model": "admin.logentry",
    "pk": 26,
    "fields": {
        "action_time": "2024-12-04T06:52:43.602Z",
        "user": 1,
        "content_type": 9,
        "object_id": "16",
        "object_repr": "زرد",
        "action_flag": 1,
        "change_message": "[{\"added\": {}}]"
    }
},
{
    "model": "admin.logentry",
    "pk": 27,
    "fields": {
        "action_time": "2024-12-04T06:52:48.055Z",
        "user": 1,
        "content_type": 9,
        "object_id": "17",
        "object_repr": "زرشکی",
        "action_flag": 1,
        "change_message": "[{\"added\": {}}]"
    }
},
{
    "model": "admin.logentry",
    "pk": 28,
    "fields": {
        "action_time": "2024-12-04T06:54:52.003Z",
        "user": 1,
        "content_type": 16,
        "object_id": "1",
        "object_repr": "کت زنانه",
        "action_flag": 1,
        "change_message": "[{\"added\": {}}]"
    }
},
{
    "model": "admin.logentry",
    "pk": 29,
    "fields": {
        "action_time": "2024-12-04T06:55:35.684Z",
        "user": 1,
        "content_type": 16,
        "object_id": "2",
        "object_repr": "تاپ و کراپ",
        "action_flag": 1,
        "change_message": "[{\"added\": {}}]"
    }
},
{
    "model": "admin.logentry",
    "pk": 30,
    "fields": {
        "action_time": "2024-12-04T06:56:22.150Z",
        "user": 1,
        "content_type": 16,
        "object_id": "3",
        "object_repr": "تیشرت زنانه",
        "action_flag": 1,
        "change_message": "[{\"added\": {}}]"
    }
},
{
    "model": "admin.logentry",
    "pk": 31,
    "fields": {
        "action_time": "2024-12-04T06:57:07.366Z",
        "user": 1,
        "content_type": 16,
        "object_id": "4",
        "object_repr": "شلوار زنانه",
        "action_flag": 1,
        "change_message": "[{\"added\": {}}]"
    }
},
{
    "model": "admin.logentry",
    "pk": 32,
    "fields": {
        "action_time": "2024-12-04T06:57:55.317Z",
        "user": 1,
        "content_type": 16,
        "object_id": "5",
        "object_repr": "پبراهن زنانه",
        "action_flag": 1,
        "change_message": "[{\"added\": {}}]"
    }
},
{
    "model": "admin.logentry",
    "pk": 33,
    "fields": {
        "action_time": "2024-12-04T06:58:50.713Z",
        "user": 1,
        "content_type": 16,
        "object_id": "6",
        "object_repr": "شلوارک زنانه",
        "action_flag": 1,
        "change_message": "[{\"added\": {}}]"
    }
},
{
    "model": "admin.logentry",
    "pk": 34,
    "fields": {
        "action_time": "2024-12-04T06:59:35.649Z",
        "user": 1,
        "content_type": 16,
        "object_id": "7",
        "object_repr": "دامن",
        "action_flag": 1,
        "change_message": "[{\"added\": {}}]"
    }
},
{
    "model": "admin.logentry",
    "pk": 35,
    "fields": {
        "action_time": "2024-12-04T07:00:03.380Z",
        "user": 1,
        "content_type": 16,
        "object_id": "8",
        "object_repr": "سرهمی",
        "action_flag": 1,
        "change_message": "[{\"added\": {}}]"
    }
},
{
    "model": "admin.logentry",
    "pk": 36,
    "fields": {
        "action_time": "2024-12-04T07:01:04.159Z",
        "user": 1,
        "content_type": 16,
        "object_id": "9",
        "object_repr": "شومیز",
        "action_flag": 1,
        "change_message": "[{\"added\": {}}]"
    }
},
{
    "model": "admin.logentry",
    "pk": 37,
    "fields": {
        "action_time": "2024-12-04T07:01:48.890Z",
        "user": 1,
        "content_type": 16,
        "object_id": "10",
        "object_repr": "ست زنانه",
        "action_flag": 1,
        "change_message": "[{\"added\": {}}]"
    }
},
{
    "model": "admin.logentry",
    "pk": 38,
    "fields": {
        "action_time": "2024-12-04T07:02:44.778Z",
        "user": 1,
        "content_type": 16,
        "object_id": "11",
        "object_repr": "کیف زنانه",
        "action_flag": 1,
        "change_message": "[{\"added\": {}}]"
    }
},
{
    "model": "admin.logentry",
    "pk": 39,
    "fields": {
        "action_time": "2024-12-04T07:03:45.331Z",
        "user": 1,
        "content_type": 16,
        "object_id": "12",
        "object_repr": "کفش و صندل",
        "action_flag": 1,
        "change_message": "[{\"added\": {}}]"
    }
},
{
    "model": "admin.logentry",
    "pk": 40,
    "fields": {
        "action_time": "2024-12-04T07:04:29.135Z",
        "user": 1,
        "content_type": 16,
        "object_id": "13",
        "object_repr": "مانتو",
        "action_flag": 1,
        "change_message": "[{\"added\": {}}]"
    }
},
{
    "model": "admin.logentry",
    "pk": 41,
    "fields": {
        "action_time": "2024-12-04T07:05:07.605Z",
        "user": 1,
        "content_type": 16,
        "object_id": "14",
        "object_repr": "شال و روسری",
        "action_flag": 1,
        "change_message": "[{\"added\": {}}]"
    }
},
{
    "model": "admin.logentry",
    "pk": 42,
    "fields": {
        "action_time": "2024-12-04T07:05:54.991Z",
        "user": 1,
        "content_type": 16,
        "object_id": "15",
        "object_repr": "کلاه زنانه",
        "action_flag": 1,
        "change_message": "[{\"added\": {}}]"
    }
},
{
    "model": "admin.logentry",
    "pk": 43,
    "fields": {
        "action_time": "2024-12-04T07:07:05.774Z",
        "user": 1,
        "content_type": 16,
        "object_id": "16",
        "object_repr": "کت مردانه",
        "action_flag": 1,
        "change_message": "[{\"added\": {}}]"
    }
},
{
    "model": "admin.logentry",
    "pk": 44,
    "fields": {
        "action_time": "2024-12-04T07:07:49.181Z",
        "user": 1,
        "content_type": 16,
        "object_id": "17",
        "object_repr": "پیراهن مردانه",
        "action_flag": 1,
        "change_message": "[{\"added\": {}}]"
    }
},
{
    "model": "admin.logentry",
    "pk": 45,
    "fields": {
        "action_time": "2024-12-04T07:08:29.444Z",
        "user": 1,
        "content_type": 16,
        "object_id": "18",
        "object_repr": "تیشرت مردانه",
        "action_flag": 1,
        "change_message": "[{\"added\": {}}]"
    }
},
{
    "model": "admin.logentry",
    "pk": 46,
    "fields": {
        "action_time": "2024-12-04T07:09:07.727Z",
        "user": 1,
        "content_type": 16,
        "object_id": "19",
        "object_repr": "شلوار مردانه",
        "action_flag": 1,
        "change_message": "[{\"added\": {}}]"
    }
},
{
    "model": "admin.logentry",
    "pk": 47,
    "fields": {
        "action_time": "2024-12-04T07:09:54.601Z",
        "user": 1,
        "content_type": 16,
        "object_id": "20",
        "object_repr": "شلوارک مردانه",
        "action_flag": 1,
        "change_message": "[{\"added\": {}}]"
    }
},
{
    "model": "admin.logentry",
    "pk": 48,
    "fields": {
        "action_time": "2024-12-04T07:10:38.842Z",
        "user": 1,
        "content_type": 16,
        "object_id": "21",
        "object_repr": "ست مردانه",
        "action_flag": 1,
        "change_message": "[{\"added\": {}}]"
    }
},
{
    "model": "admin.logentry",
    "pk": 49,
    "fields": {
        "action_time": "2024-12-04T07:11:40.881Z",
        "user": 1,
        "content_type": 16,
        "object_id": "22",
        "object_repr": "کفش مردانه",
        "action_flag": 1,
        "change_message": "[{\"added\": {}}]"
    }
},
{
    "model": "admin.logentry",
    "pk": 50,
    "fields": {
        "action_time": "2024-12-04T07:12:17.069Z",
        "user": 1,
        "content_type": 16,
        "object_id": "23",
        "object_repr": "کیف مردانه",
        "action_flag": 1,
        "change_message": "[{\"added\": {}}]"
    }
},
{
    "model": "admin.logentry",
    "pk": 51,
    "fields": {
        "action_time": "2024-12-04T07:12:47.586Z",
        "user": 1,
        "content_type": 16,
        "object_id": "24",
        "object_repr": "کلاه مردانه",
        "action_flag": 1,
        "change_message": "[{\"added\": {}}]"
    }
},
{
    "model": "admin.logentry",
    "pk": 52,
    "fields": {
        "action_time": "2024-12-04T07:13:45.505Z",
        "user": 1,
        "content_type": 16,
        "object_id": "25",
        "object_repr": "کت بچگانه",
        "action_flag": 1,
        "change_message": "[{\"added\": {}}]"
    }
},
{
    "model": "admin.logentry",
    "pk": 53,
    "fields": {
        "action_time": "2024-12-04T07:14:12.366Z",
        "user": 1,
        "content_type": 16,
        "object_id": "26",
        "object_repr": "تیشرت بچگانه",
        "action_flag": 1,
        "change_message": "[{\"added\": {}}]"
    }
},
{
    "model": "admin.logentry",
    "pk": 54,
    "fields": {
        "action_time": "2024-12-04T07:15:06.329Z",
        "user": 1,
        "content_type": 16,
        "object_id": "27",
        "object_repr": "سرهمی بچگانه",
        "action_flag": 1,
        "change_message": "[{\"added\": {}}]"
    }
},
{
    "model": "admin.logentry",
    "pk": 55,
    "fields": {
        "action_time": "2024-12-04T07:15:47.284Z",
        "user": 1,
        "content_type": 16,
        "object_id": "28",
        "object_repr": "سرهمی بچگانه",
        "action_flag": 1,
        "change_message": "[{\"added\": {}}]"
    }
},
{
    "model": "admin.logentry",
    "pk": 56,
    "fields": {
        "action_time": "2024-12-04T07:16:54.050Z",
        "user": 1,
        "content_type": 16,
        "object_id": "29",
        "object_repr": "پیراهن دخترانه",
        "action_flag": 1,
        "change_message": "[{\"added\": {}}]"
    }
},
{
    "model": "admin.logentry",
    "pk": 57,
    "fields": {
        "action_time": "2024-12-04T07:17:35.888Z",
        "user": 1,
        "content_type": 16,
        "object_id": "30",
        "object_repr": "پیراهن پسرانه",
        "action_flag": 1,
        "change_message": "[{\"added\": {}}]"
    }
},
{
    "model": "admin.logentry",
    "pk": 58,
    "fields": {
        "action_time": "2024-12-04T07:18:24.867Z",
        "user": 1,
        "content_type": 16,
        "object_id": "31",
        "object_repr": "ست پچگانه",
        "action_flag": 1,
        "change_message": "[{\"added\": {}}]"
    }
},
{
    "model": "admin.logentry",
    "pk": 59,
    "fields": {
        "action_time": "2024-12-04T07:19:14.615Z",
        "user": 1,
        "content_type": 16,
        "object_id": "32",
        "object_repr": "دورس و هودی",
        "action_flag": 1,
        "change_message": "[{\"added\": {}}]"
    }
},
{
    "model": "admin.logentry",
    "pk": 60,
    "fields": {
        "action_time": "2024-12-04T07:20:11.444Z",
        "user": 1,
        "content_type": 16,
        "object_id": "33",
        "object_repr": "بافت و هودی",
        "action_flag": 1,
        "change_message": "[{\"added\": {}}]"
    }
},
{
    "model": "admin.logentry",
    "pk": 61,
    "fields": {
        "action_time": "2024-12-04T07:20:57.816Z",
        "user": 1,
        "content_type": 16,
        "object_id": "34",
        "object_repr": "دامن بچگانه",
        "action_flag": 1,
        "change_message": "[{\"added\": {}}]"
    }
},
{
    "model": "admin.logentry",
    "pk": 62,
    "fields": {
        "action_time": "2024-12-04T07:21:43.940Z",
        "user": 1,
        "content_type": 16,
        "object_id": "35",
        "object_repr": "شلوار بچگانه",
        "action_flag": 1,
        "change_message": "[{\"added\": {}}]"
    }
},
{
    "model": "admin.logentry",
    "pk": 63,
    "fields": {
        "action_time": "2024-12-04T07:22:21.998Z",
        "user": 1,
        "content_type": 16,
        "object_id": "36",
        "object_repr": "شلوارک بچگانه",
        "action_flag": 1,
        "change_message": "[{\"added\": {}}]"
    }
},
{
    "model": "admin.logentry",
    "pk": 64,
    "fields": {
        "action_time": "2024-12-04T07:22:58.643Z",
        "user": 1,
        "content_type": 16,
        "object_id": "37",
        "object_repr": "کفش بچگانه",
        "action_flag": 1,
        "change_message": "[{\"added\": {}}]"
    }
},
{
    "model": "admin.logentry",
    "pk": 65,
    "fields": {
        "action_time": "2024-12-04T07:23:25.124Z",
        "user": 1,
        "content_type": 16,
        "object_id": "38",
        "object_repr": "کلاه بچگانه",
        "action_flag": 1,
        "change_message": "[{\"added\": {}}]"
    }
},
{
    "model": "admin.logentry",
    "pk": 66,
    "fields": {
        "action_time": "2024-12-04T07:26:39.366Z",
        "user": 1,
        "content_type": 16,
        "object_id": "39",
        "object_repr": "محصولات خوراکی حیوانات",
        "action_flag": 1,
        "change_message": "[{\"added\": {}}]"
    }
},
{
    "model": "admin.logentry",
    "pk": 67,
    "fields": {
        "action_time": "2024-12-04T07:27:38.713Z",
        "user": 1,
        "content_type": 16,
        "object_id": "40",
        "object_repr": "لباس و قلاده",
        "action_flag": 1,
        "change_message": "[{\"added\": {}}]"
    }
},
{
    "model": "admin.logentry",
    "pk": 68,
    "fields": {
        "action_time": "2024-12-04T07:28:28.366Z",
        "user": 1,
        "content_type": 16,
        "object_id": "41",
        "object_repr": "باکس و سایر ملزومات",
        "action_flag": 1,
        "change_message": "[{\"added\": {}}]"
    }
},
{
    "model": "admin.logentry",
    "pk": 69,
    "fields": {
        "action_time": "2024-12-04T07:29:26.224Z",
        "user": 1,
        "content_type": 16,
        "object_id": "42",
        "object_repr": "وسایل بازی",
        "action_flag": 1,
        "change_message": "[{\"added\": {}}]"
    }
},
{
    "model": "admin.logentry",
    "pk": 70,
    "fields": {
        "action_time": "2024-12-04T07:30:13.432Z",
        "user": 1,
        "content_type": 16,
        "object_id": "43",
        "object_repr": "لوازم آرایشی",
        "action_flag": 1,
        "change_message": "[{\"added\": {}}]"
    }
},
{
    "model": "admin.logentry",
    "pk": 71,
    "fields": {
        "action_time": "2024-12-04T07:30:50.709Z",
        "user": 1,
        "content_type": 16,
        "object_id": "44",
        "object_repr": "مراقبت از مو",
        "action_flag": 1,
        "change_message": "[{\"added\": {}}]"
    }
},
{
    "model": "admin.logentry",
    "pk": 72,
    "fields": {
        "action_time": "2024-12-04T07:31:26.640Z",
        "user": 1,
        "content_type": 16,
        "object_id": "45",
        "object_repr": "مراقبت از پوست",
        "action_flag": 1,
        "change_message": "[{\"added\": {}}]"
    }
},
{
    "model": "admin.logentry",
    "pk": 73,
    "fields": {
        "action_time": "2024-12-04T07:32:20.080Z",
        "user": 1,
        "content_type": 16,
        "object_id": "46",
        "object_repr": "عطر و ادکن",
        "action_flag": 1,
        "change_message": "[{\"added\": {}}]"
    }
},
{
    "model": "admin.logentry",
    "pk": 74,
    "fields": {
        "action_time": "2024-12-04T07:33:40.166Z",
        "user": 1,
        "content_type": 16,
        "object_id": "47",
        "object_repr": "لوازم برقی شخصی",
        "action_flag": 1,
        "change_message": "[{\"added\": {}}]"
    }
},
{
    "model": "admin.logentry",
    "pk": 75,
    "fields": {
        "action_time": "2024-12-04T07:34:39.585Z",
        "user": 1,
        "content_type": 16,
        "object_id": "48",
        "object_repr": "بهداشتی",
        "action_flag": 1,
        "change_message": "[{\"added\": {}}]"
    }
},
{
    "model": "admin.logentry",
    "pk": 76,
    "fields": {
        "action_time": "2024-12-04T07:35:54.002Z",
        "user": 1,
        "content_type": 16,
        "object_id": "49",
        "object_repr": "ظروف و لوازم دکوری سنتی",
        "action_flag": 1,
        "change_message": "[{\"added\": {}}]"
    }
},
{
    "model": "admin.logentry",
    "pk": 77,
    "fields": {
        "action_time": "2024-12-04T07:36:43.719Z",
        "user": 1,
        "content_type": 16,
        "object_id": "50",
        "object_repr": "اکسسوری و زیورآلات",
        "action_flag": 1,
        "change_message": "[{\"added\": {}}]"
    }
},
{
    "model": "admin.logentry",
    "pk": 78,
    "fields": {
        "action_time": "2024-12-04T07:38:02.250Z",
        "user": 1,
        "content_type": 16,
        "object_id": "51",
        "object_repr": "لوازم پذیرایی",
        "action_flag": 1,
        "change_message": "[{\"added\": {}}]"
    }
},
{
    "model": "admin.logentry",
    "pk": 79,
    "fields": {
        "action_time": "2024-12-04T07:38:29.142Z",
        "user": 1,
        "content_type": 16,
        "object_id": "52",
        "object_repr": "لوازم پخت و پز",
        "action_flag": 1,
        "change_message": "[{\"added\": {}}]"
    }
},
{
    "model": "admin.logentry",
    "pk": 80,
    "fields": {
        "action_time": "2024-12-04T07:39:22.271Z",
        "user": 1,
        "content_type": 16,
        "object_id": "53",
        "object_repr": "لوازم اتاق خواب",
        "action_flag": 1,
        "change_message": "[{\"added\": {}}]"
    }
},
{
    "model": "admin.logentry",
    "pk": 81,
    "fields": {
        "action_time": "2024-12-04T07:39:49.682Z",
        "user": 1,
        "content_type": 16,
        "object_id": "54",
        "object_repr": "دکوراسیون خانگی",
        "action_flag": 1,
        "change_message": "[{\"added\": {}}]"
    }
},
{
    "model": "admin.logentry",
    "pk": 82,
    "fields": {
        "action_time": "2024-12-04T07:41:44.109Z",
        "user": 1,
        "content_type": 16,
        "object_id": "55",
        "object_repr": "کمپینگ و کوهنوردی",
        "action_flag": 1,
        "change_message": "[{\"added\": {}}]"
    }
},
{
    "model": "admin.logentry",
    "pk": 83,
    "fields": {
        "action_time": "2024-12-04T07:42:45.383Z",
        "user": 1,
        "content_type": 16,
        "object_id": "56",
        "object_repr": "لوازم ورزشی",
        "action_flag": 1,
        "change_message": "[{\"added\": {}}]"
    }
},
{
    "model": "admin.logentry",
    "pk": 84,
    "fields": {
        "action_time": "2024-12-04T07:43:17.491Z",
        "user": 1,
        "content_type": 16,
        "object_id": "57",
        "object_repr": "ساک و چمدان",
        "action_flag": 1,
        "change_message": "[{\"added\": {}}]"
    }
},
{
    "model": "admin.logentry",
    "pk": 85,
    "fields": {
        "action_time": "2024-12-04T07:43:47.742Z",
        "user": 1,
        "content_type": 16,
        "object_id": "58",
        "object_repr": "لباس ورزشی",
        "action_flag": 1,
        "change_message": "[{\"added\": {}}]"
    }
},
{
    "model": "admin.logentry",
    "pk": 86,
    "fields": {
        "action_time": "2024-12-04T07:44:52.602Z",
        "user": 1,
        "content_type": 16,
        "object_id": "59",
        "object_repr": "بازی های فکری",
        "action_flag": 1,
        "change_message": "[{\"added\": {}}]"
    }
},
{
    "model": "admin.logentry",
    "pk": 87,
    "fields": {
        "action_time": "2024-12-04T07:45:26.851Z",
        "user": 1,
        "content_type": 16,
        "object_id": "60",
        "object_repr": "پازل و لگو",
        "action_flag": 1,
        "change_message": "[{\"added\": {}}]"
    }
},
{
    "model": "admin.logentry",
    "pk": 88,
    "fields": {
        "action_time": "2024-12-04T07:46:10.495Z",
        "user": 1,
        "content_type": 16,
        "object_id": "61",
        "object_repr": "اسباب بازی",
        "action_flag": 1,
        "change_message": "[{\"added\": {}}]"
    }
},
{
    "model": "admin.logentry",
    "pk": 89,
    "fields": {
        "action_time": "2024-12-04T07:47:34.076Z",
        "user": 1,
        "content_type": 16,
        "object_id": "62",
        "object_repr": "لوازم تحریر",
        "action_flag": 1,
        "change_message": "[{\"added\": {}}]"
    }
},
{
    "model": "admin.logentry",
    "pk": 90,
    "fields": {
        "action_time": "2024-12-04T07:49:33.725Z",
        "user": 1,
        "content_type": 8,
        "object_id": "10",
        "object_repr": "محصولات خوراکی",
        "action_flag": 1,
        "change_message": "[{\"added\": {}}]"
    }
},
{
    "model": "admin.logentry",
    "pk": 91,
    "fields": {
        "action_time": "2024-12-04T07:50:28.206Z",
        "user": 1,
        "content_type": 16,
        "object_id": "63",
        "object_repr": "شکلات ونتقلات",
        "action_flag": 1,
        "change_message": "[{\"added\": {}}]"
    }
},
{
    "model": "admin.logentry",
    "pk": 92,
    "fields": {
        "action_time": "2024-12-04T07:51:05.262Z",
        "user": 1,
        "content_type": 16,
        "object_id": "64",
        "object_repr": "قهوه و دمنوش",
        "action_flag": 1,
        "change_message": "[{\"added\": {}}]"
    }
},
{
    "model": "admin.logentry",
    "pk": 93,
    "fields": {
        "action_time": "2024-12-04T10:05:54.639Z",
        "user": 1,
        "content_type": 16,
        "object_id": "24",
        "object_repr": "کلاه مردانه",
        "action_flag": 2,
        "change_message": "[{\"changed\": {\"fields\": [\"Image\"]}}]"
    }
},
{
    "model": "admin.logentry",
    "pk": 94,
    "fields": {
        "action_time": "2024-12-04T10:06:15.698Z",
        "user": 1,
        "content_type": 16,
        "object_id": "28",
        "object_repr": "سرهمی بچگانه",
        "action_flag": 3,
        "change_message": ""
    }
},
{
    "model": "admin.logentry",
    "pk": 95,
    "fields": {
        "action_time": "2024-12-04T10:11:17.539Z",
        "user": 1,
        "content_type": 16,
        "object_id": "24",
        "object_repr": "کلاه مردانه",
        "action_flag": 2,
        "change_message": "[{\"changed\": {\"fields\": [\"Image\"]}}]"
    }
},
{
    "model": "admin.logentry",
    "pk": 96,
    "fields": {
        "action_time": "2024-12-04T10:13:00.333Z",
        "user": 1,
        "content_type": 16,
        "object_id": "58",
        "object_repr": "لباس ورزشی",
        "action_flag": 2,
        "change_message": "[{\"changed\": {\"fields\": [\"Image\"]}}]"
    }
},
{
    "model": "admin.logentry",
    "pk": 97,
    "fields": {
        "action_time": "2024-12-04T10:14:16.043Z",
        "user": 1,
        "content_type": 16,
        "object_id": "52",
        "object_repr": "لوازم پخت و پز",
        "action_flag": 2,
        "change_message": "[{\"changed\": {\"fields\": [\"Image\"]}}]"
    }
},
{
    "model": "admin.logentry",
    "pk": 98,
    "fields": {
        "action_time": "2024-12-04T10:14:53.641Z",
        "user": 1,
        "content_type": 16,
        "object_id": "54",
        "object_repr": "دکوراسیون خانگی",
        "action_flag": 2,
        "change_message": "[{\"changed\": {\"fields\": [\"Image\"]}}]"
    }
},
{
    "model": "admin.logentry",
    "pk": 99,
    "fields": {
        "action_time": "2024-12-04T10:19:13.216Z",
        "user": 1,
        "content_type": 1,
        "object_id": "1",
        "object_repr": "mahsan",
        "action_flag": 2,
        "change_message": "[{\"changed\": {\"fields\": [\"Phone\"]}}]"
    }
},
{
    "model": "admin.logentry",
    "pk": 100,
    "fields": {
        "action_time": "2024-12-04T10:23:58.301Z",
        "user": 1,
        "content_type": 1,
        "object_id": "1",
        "object_repr": "mahsan",
        "action_flag": 2,
        "change_message": "[{\"changed\": {\"fields\": [\"Phone\"]}}]"
    }
},
{
    "model": "admin.logentry",
    "pk": 101,
    "fields": {
        "action_time": "2024-12-04T11:19:45.973Z",
        "user": 1,
        "content_type": 1,
        "object_id": "1",
        "object_repr": "mahsan",
        "action_flag": 2,
        "change_message": "[{\"changed\": {\"fields\": [\"Phone\"]}}]"
    }
},
{
    "model": "auth.permission",
    "pk": 1,
    "fields": {
        "name": "Can add Account",
        "content_type": 1,
        "codename": "add_account"
    }
},
{
    "model": "auth.permission",
    "pk": 2,
    "fields": {
        "name": "Can change Account",
        "content_type": 1,
        "codename": "change_account"
    }
},
{
    "model": "auth.permission",
    "pk": 3,
    "fields": {
        "name": "Can delete Account",
        "content_type": 1,
        "codename": "delete_account"
    }
},
{
    "model": "auth.permission",
    "pk": 4,
    "fields": {
        "name": "Can view Account",
        "content_type": 1,
        "codename": "view_account"
    }
},
{
    "model": "auth.permission",
    "pk": 5,
    "fields": {
        "name": "Can add log entry",
        "content_type": 2,
        "codename": "add_logentry"
    }
},
{
    "model": "auth.permission",
    "pk": 6,
    "fields": {
        "name": "Can change log entry",
        "content_type": 2,
        "codename": "change_logentry"
    }
},
{
    "model": "auth.permission",
    "pk": 7,
    "fields": {
        "name": "Can delete log entry",
        "content_type": 2,
        "codename": "delete_logentry"
    }
},
{
    "model": "auth.permission",
    "pk": 8,
    "fields": {
        "name": "Can view log entry",
        "content_type": 2,
        "codename": "view_logentry"
    }
},
{
    "model": "auth.permission",
    "pk": 9,
    "fields": {
        "name": "Can add permission",
        "content_type": 3,
        "codename": "add_permission"
    }
},
{
    "model": "auth.permission",
    "pk": 10,
    "fields": {
        "name": "Can change permission",
        "content_type": 3,
        "codename": "change_permission"
    }
},
{
    "model": "auth.permission",
    "pk": 11,
    "fields": {
        "name": "Can delete permission",
        "content_type": 3,
        "codename": "delete_permission"
    }
},
{
    "model": "auth.permission",
    "pk": 12,
    "fields": {
        "name": "Can view permission",
        "content_type": 3,
        "codename": "view_permission"
    }
},
{
    "model": "auth.permission",
    "pk": 13,
    "fields": {
        "name": "Can add group",
        "content_type": 4,
        "codename": "add_group"
    }
},
{
    "model": "auth.permission",
    "pk": 14,
    "fields": {
        "name": "Can change group",
        "content_type": 4,
        "codename": "change_group"
    }
},
{
    "model": "auth.permission",
    "pk": 15,
    "fields": {
        "name": "Can delete group",
        "content_type": 4,
        "codename": "delete_group"
    }
},
{
    "model": "auth.permission",
    "pk": 16,
    "fields": {
        "name": "Can view group",
        "content_type": 4,
        "codename": "view_group"
    }
},
{
    "model": "auth.permission",
    "pk": 17,
    "fields": {
        "name": "Can add content type",
        "content_type": 5,
        "codename": "add_contenttype"
    }
},
{
    "model": "auth.permission",
    "pk": 18,
    "fields": {
        "name": "Can change content type",
        "content_type": 5,
        "codename": "change_contenttype"
    }
},
{
    "model": "auth.permission",
    "pk": 19,
    "fields": {
        "name": "Can delete content type",
        "content_type": 5,
        "codename": "delete_contenttype"
    }
},
{
    "model": "auth.permission",
    "pk": 20,
    "fields": {
        "name": "Can view content type",
        "content_type": 5,
        "codename": "view_contenttype"
    }
},
{
    "model": "auth.permission",
    "pk": 21,
    "fields": {
        "name": "Can add session",
        "content_type": 6,
        "codename": "add_session"
    }
},
{
    "model": "auth.permission",
    "pk": 22,
    "fields": {
        "name": "Can change session",
        "content_type": 6,
        "codename": "change_session"
    }
},
{
    "model": "auth.permission",
    "pk": 23,
    "fields": {
        "name": "Can delete session",
        "content_type": 6,
        "codename": "delete_session"
    }
},
{
    "model": "auth.permission",
    "pk": 24,
    "fields": {
        "name": "Can view session",
        "content_type": 6,
        "codename": "view_session"
    }
},
{
    "model": "auth.permission",
    "pk": 25,
    "fields": {
        "name": "Can add blog",
        "content_type": 7,
        "codename": "add_blog"
    }
},
{
    "model": "auth.permission",
    "pk": 26,
    "fields": {
        "name": "Can change blog",
        "content_type": 7,
        "codename": "change_blog"
    }
},
{
    "model": "auth.permission",
    "pk": 27,
    "fields": {
        "name": "Can delete blog",
        "content_type": 7,
        "codename": "delete_blog"
    }
},
{
    "model": "auth.permission",
    "pk": 28,
    "fields": {
        "name": "Can view blog",
        "content_type": 7,
        "codename": "view_blog"
    }
},
{
    "model": "auth.permission",
    "pk": 29,
    "fields": {
        "name": "Can add category",
        "content_type": 8,
        "codename": "add_category"
    }
},
{
    "model": "auth.permission",
    "pk": 30,
    "fields": {
        "name": "Can change category",
        "content_type": 8,
        "codename": "change_category"
    }
},
{
    "model": "auth.permission",
    "pk": 31,
    "fields": {
        "name": "Can delete category",
        "content_type": 8,
        "codename": "delete_category"
    }
},
{
    "model": "auth.permission",
    "pk": 32,
    "fields": {
        "name": "Can view category",
        "content_type": 8,
        "codename": "view_category"
    }
},
{
    "model": "auth.permission",
    "pk": 33,
    "fields": {
        "name": "Can add color",
        "content_type": 9,
        "codename": "add_color"
    }
},
{
    "model": "auth.permission",
    "pk": 34,
    "fields": {
        "name": "Can change color",
        "content_type": 9,
        "codename": "change_color"
    }
},
{
    "model": "auth.permission",
    "pk": 35,
    "fields": {
        "name": "Can delete color",
        "content_type": 9,
        "codename": "delete_color"
    }
},
{
    "model": "auth.permission",
    "pk": 36,
    "fields": {
        "name": "Can view color",
        "content_type": 9,
        "codename": "view_color"
    }
},
{
    "model": "auth.permission",
    "pk": 37,
    "fields": {
        "name": "Can add contact",
        "content_type": 10,
        "codename": "add_contact"
    }
},
{
    "model": "auth.permission",
    "pk": 38,
    "fields": {
        "name": "Can change contact",
        "content_type": 10,
        "codename": "change_contact"
    }
},
{
    "model": "auth.permission",
    "pk": 39,
    "fields": {
        "name": "Can delete contact",
        "content_type": 10,
        "codename": "delete_contact"
    }
},
{
    "model": "auth.permission",
    "pk": 40,
    "fields": {
        "name": "Can view contact",
        "content_type": 10,
        "codename": "view_contact"
    }
},
{
    "model": "auth.permission",
    "pk": 41,
    "fields": {
        "name": "Can add homepage content",
        "content_type": 11,
        "codename": "add_homepagecontent"
    }
},
{
    "model": "auth.permission",
    "pk": 42,
    "fields": {
        "name": "Can change homepage content",
        "content_type": 11,
        "codename": "change_homepagecontent"
    }
},
{
    "model": "auth.permission",
    "pk": 43,
    "fields": {
        "name": "Can delete homepage content",
        "content_type": 11,
        "codename": "delete_homepagecontent"
    }
},
{
    "model": "auth.permission",
    "pk": 44,
    "fields": {
        "name": "Can view homepage content",
        "content_type": 11,
        "codename": "view_homepagecontent"
    }
},
{
    "model": "auth.permission",
    "pk": 45,
    "fields": {
        "name": "Can add order",
        "content_type": 12,
        "codename": "add_order"
    }
},
{
    "model": "auth.permission",
    "pk": 46,
    "fields": {
        "name": "Can change order",
        "content_type": 12,
        "codename": "change_order"
    }
},
{
    "model": "auth.permission",
    "pk": 47,
    "fields": {
        "name": "Can delete order",
        "content_type": 12,
        "codename": "delete_order"
    }
},
{
    "model": "auth.permission",
    "pk": 48,
    "fields": {
        "name": "Can view order",
        "content_type": 12,
        "codename": "view_order"
    }
},
{
    "model": "auth.permission",
    "pk": 49,
    "fields": {
        "name": "Can add otp",
        "content_type": 13,
        "codename": "add_otp"
    }
},
{
    "model": "auth.permission",
    "pk": 50,
    "fields": {
        "name": "Can change otp",
        "content_type": 13,
        "codename": "change_otp"
    }
},
{
    "model": "auth.permission",
    "pk": 51,
    "fields": {
        "name": "Can delete otp",
        "content_type": 13,
        "codename": "delete_otp"
    }
},
{
    "model": "auth.permission",
    "pk": 52,
    "fields": {
        "name": "Can view otp",
        "content_type": 13,
        "codename": "view_otp"
    }
},
{
    "model": "auth.permission",
    "pk": 53,
    "fields": {
        "name": "Can add product",
        "content_type": 14,
        "codename": "add_product"
    }
},
{
    "model": "auth.permission",
    "pk": 54,
    "fields": {
        "name": "Can change product",
        "content_type": 14,
        "codename": "change_product"
    }
},
{
    "model": "auth.permission",
    "pk": 55,
    "fields": {
        "name": "Can delete product",
        "content_type": 14,
        "codename": "delete_product"
    }
},
{
    "model": "auth.permission",
    "pk": 56,
    "fields": {
        "name": "Can view product",
        "content_type": 14,
        "codename": "view_product"
    }
},
{
    "model": "auth.permission",
    "pk": 57,
    "fields": {
        "name": "Can add shop",
        "content_type": 15,
        "codename": "add_shop"
    }
},
{
    "model": "auth.permission",
    "pk": 58,
    "fields": {
        "name": "Can change shop",
        "content_type": 15,
        "codename": "change_shop"
    }
},
{
    "model": "auth.permission",
    "pk": 59,
    "fields": {
        "name": "Can delete shop",
        "content_type": 15,
        "codename": "delete_shop"
    }
},
{
    "model": "auth.permission",
    "pk": 60,
    "fields": {
        "name": "Can view shop",
        "content_type": 15,
        "codename": "view_shop"
    }
},
{
    "model": "auth.permission",
    "pk": 61,
    "fields": {
        "name": "Can add sub category",
        "content_type": 16,
        "codename": "add_subcategory"
    }
},
{
    "model": "auth.permission",
    "pk": 62,
    "fields": {
        "name": "Can change sub category",
        "content_type": 16,
        "codename": "change_subcategory"
    }
},
{
    "model": "auth.permission",
    "pk": 63,
    "fields": {
        "name": "Can delete sub category",
        "content_type": 16,
        "codename": "delete_subcategory"
    }
},
{
    "model": "auth.permission",
    "pk": 64,
    "fields": {
        "name": "Can view sub category",
        "content_type": 16,
        "codename": "view_subcategory"
    }
},
{
    "model": "auth.permission",
    "pk": 65,
    "fields": {
        "name": "Can add shop image",
        "content_type": 17,
        "codename": "add_shopimage"
    }
},
{
    "model": "auth.permission",
    "pk": 66,
    "fields": {
        "name": "Can change shop image",
        "content_type": 17,
        "codename": "change_shopimage"
    }
},
{
    "model": "auth.permission",
    "pk": 67,
    "fields": {
        "name": "Can delete shop image",
        "content_type": 17,
        "codename": "delete_shopimage"
    }
},
{
    "model": "auth.permission",
    "pk": 68,
    "fields": {
        "name": "Can view shop image",
        "content_type": 17,
        "codename": "view_shopimage"
    }
},
{
    "model": "auth.permission",
    "pk": 69,
    "fields": {
        "name": "Can add shop auth",
        "content_type": 18,
        "codename": "add_shopauth"
    }
},
{
    "model": "auth.permission",
    "pk": 70,
    "fields": {
        "name": "Can change shop auth",
        "content_type": 18,
        "codename": "change_shopauth"
    }
},
{
    "model": "auth.permission",
    "pk": 71,
    "fields": {
        "name": "Can delete shop auth",
        "content_type": 18,
        "codename": "delete_shopauth"
    }
},
{
    "model": "auth.permission",
    "pk": 72,
    "fields": {
        "name": "Can view shop auth",
        "content_type": 18,
        "codename": "view_shopauth"
    }
},
{
    "model": "auth.permission",
    "pk": 73,
    "fields": {
        "name": "Can add product variation",
        "content_type": 19,
        "codename": "add_productvariation"
    }
},
{
    "model": "auth.permission",
    "pk": 74,
    "fields": {
        "name": "Can change product variation",
        "content_type": 19,
        "codename": "change_productvariation"
    }
},
{
    "model": "auth.permission",
    "pk": 75,
    "fields": {
        "name": "Can delete product variation",
        "content_type": 19,
        "codename": "delete_productvariation"
    }
},
{
    "model": "auth.permission",
    "pk": 76,
    "fields": {
        "name": "Can view product variation",
        "content_type": 19,
        "codename": "view_productvariation"
    }
},
{
    "model": "auth.permission",
    "pk": 77,
    "fields": {
        "name": "Can add product image",
        "content_type": 20,
        "codename": "add_productimage"
    }
},
{
    "model": "auth.permission",
    "pk": 78,
    "fields": {
        "name": "Can change product image",
        "content_type": 20,
        "codename": "change_productimage"
    }
},
{
    "model": "auth.permission",
    "pk": 79,
    "fields": {
        "name": "Can delete product image",
        "content_type": 20,
        "codename": "delete_productimage"
    }
},
{
    "model": "auth.permission",
    "pk": 80,
    "fields": {
        "name": "Can view product image",
        "content_type": 20,
        "codename": "view_productimage"
    }
},
{
    "model": "auth.permission",
    "pk": 81,
    "fields": {
        "name": "Can add order item",
        "content_type": 21,
        "codename": "add_orderitem"
    }
},
{
    "model": "auth.permission",
    "pk": 82,
    "fields": {
        "name": "Can change order item",
        "content_type": 21,
        "codename": "change_orderitem"
    }
},
{
    "model": "auth.permission",
    "pk": 83,
    "fields": {
        "name": "Can delete order item",
        "content_type": 21,
        "codename": "delete_orderitem"
    }
},
{
    "model": "auth.permission",
    "pk": 84,
    "fields": {
        "name": "Can view order item",
        "content_type": 21,
        "codename": "view_orderitem"
    }
},
{
    "model": "auth.permission",
    "pk": 85,
    "fields": {
        "name": "Can add order delivery",
        "content_type": 22,
        "codename": "add_orderdelivery"
    }
},
{
    "model": "auth.permission",
    "pk": 86,
    "fields": {
        "name": "Can change order delivery",
        "content_type": 22,
        "codename": "change_orderdelivery"
    }
},
{
    "model": "auth.permission",
    "pk": 87,
    "fields": {
        "name": "Can delete order delivery",
        "content_type": 22,
        "codename": "delete_orderdelivery"
    }
},
{
    "model": "auth.permission",
    "pk": 88,
    "fields": {
        "name": "Can view order delivery",
        "content_type": 22,
        "codename": "view_orderdelivery"
    }
},
{
    "model": "auth.permission",
    "pk": 89,
    "fields": {
        "name": "Can add bank account",
        "content_type": 23,
        "codename": "add_bankaccount"
    }
},
{
    "model": "auth.permission",
    "pk": 90,
    "fields": {
        "name": "Can change bank account",
        "content_type": 23,
        "codename": "change_bankaccount"
    }
},
{
    "model": "auth.permission",
    "pk": 91,
    "fields": {
        "name": "Can delete bank account",
        "content_type": 23,
        "codename": "delete_bankaccount"
    }
},
{
    "model": "auth.permission",
    "pk": 92,
    "fields": {
        "name": "Can view bank account",
        "content_type": 23,
        "codename": "view_bankaccount"
    }
},
{
    "model": "auth.permission",
    "pk": 93,
    "fields": {
        "name": "Can add account info",
        "content_type": 24,
        "codename": "add_accountinfo"
    }
},
{
    "model": "auth.permission",
    "pk": 94,
    "fields": {
        "name": "Can change account info",
        "content_type": 24,
        "codename": "change_accountinfo"
    }
},
{
    "model": "auth.permission",
    "pk": 95,
    "fields": {
        "name": "Can delete account info",
        "content_type": 24,
        "codename": "delete_accountinfo"
    }
},
{
    "model": "auth.permission",
    "pk": 96,
    "fields": {
        "name": "Can view account info",
        "content_type": 24,
        "codename": "view_accountinfo"
    }
},
{
    "model": "contenttypes.contenttype",
    "pk": 1,
    "fields": {
        "app_label": "authuser",
        "model": "account"
    }
},
{
    "model": "contenttypes.contenttype",
    "pk": 2,
    "fields": {
        "app_label": "admin",
        "model": "logentry"
    }
},
{
    "model": "contenttypes.contenttype",
    "pk": 3,
    "fields": {
        "app_label": "auth",
        "model": "permission"
    }
},
{
    "model": "contenttypes.contenttype",
    "pk": 4,
    "fields": {
        "app_label": "auth",
        "model": "group"
    }
},
{
    "model": "contenttypes.contenttype",
    "pk": 5,
    "fields": {
        "app_label": "contenttypes",
        "model": "contenttype"
    }
},
{
    "model": "contenttypes.contenttype",
    "pk": 6,
    "fields": {
        "app_label": "sessions",
        "model": "session"
    }
},
{
    "model": "contenttypes.contenttype",
    "pk": 7,
    "fields": {
        "app_label": "store",
        "model": "blog"
    }
},
{
    "model": "contenttypes.contenttype",
    "pk": 8,
    "fields": {
        "app_label": "store",
        "model": "category"
    }
},
{
    "model": "contenttypes.contenttype",
    "pk": 9,
    "fields": {
        "app_label": "store",
        "model": "color"
    }
},
{
    "model": "contenttypes.contenttype",
    "pk": 10,
    "fields": {
        "app_label": "store",
        "model": "contact"
    }
},
{
    "model": "contenttypes.contenttype",
    "pk": 11,
    "fields": {
        "app_label": "store",
        "model": "homepagecontent"
    }
},
{
    "model": "contenttypes.contenttype",
    "pk": 12,
    "fields": {
        "app_label": "store",
        "model": "order"
    }
},
{
    "model": "contenttypes.contenttype",
    "pk": 13,
    "fields": {
        "app_label": "store",
        "model": "otp"
    }
},
{
    "model": "contenttypes.contenttype",
    "pk": 14,
    "fields": {
        "app_label": "store",
        "model": "product"
    }
},
{
    "model": "contenttypes.contenttype",
    "pk": 15,
    "fields": {
        "app_label": "store",
        "model": "shop"
    }
},
{
    "model": "contenttypes.contenttype",
    "pk": 16,
    "fields": {
        "app_label": "store",
        "model": "subcategory"
    }
},
{
    "model": "contenttypes.contenttype",
    "pk": 17,
    "fields": {
        "app_label": "store",
        "model": "shopimage"
    }
},
{
    "model": "contenttypes.contenttype",
    "pk": 18,
    "fields": {
        "app_label": "store",
        "model": "shopauth"
    }
},
{
    "model": "contenttypes.contenttype",
    "pk": 19,
    "fields": {
        "app_label": "store",
        "model": "productvariation"
    }
},
{
    "model": "contenttypes.contenttype",
    "pk": 20,
    "fields": {
        "app_label": "store",
        "model": "productimage"
    }
},
{
    "model": "contenttypes.contenttype",
    "pk": 21,
    "fields": {
        "app_label": "store",
        "model": "orderitem"
    }
},
{
    "model": "contenttypes.contenttype",
    "pk": 22,
    "fields": {
        "app_label": "store",
        "model": "orderdelivery"
    }
},
{
    "model": "contenttypes.contenttype",
    "pk": 23,
    "fields": {
        "app_label": "store",
        "model": "bankaccount"
    }
},
{
    "model": "contenttypes.contenttype",
    "pk": 24,
    "fields": {
        "app_label": "store",
        "model": "accountinfo"
    }
},
{
    "model": "sessions.session",
    "pk": "50wnrvbnzjz4a7dax7uus422j6hc33gh",
    "fields": {
        "session_data": ".eJxVjEEOwiAQRe_C2hBKywy4dN8zkAGmUjWQlHZlvLtt0oVu33v_v4Wnbc1-a7z4OYmr0OLyywLFJ5dDpAeVe5WxlnWZgzwSedomx5r4dTvbv4NMLe9rExwgx2QQQ4ehtyaZHoAA7ISEDImUJTVh1DvtB8XWOQLiQXNH1onPF97eN8E:1tImv8:rNo5wJThZ5u3FqjlEUackWFVyaDQUZxpcFLlmOTAHLg",
        "expire_date": "2024-12-18T10:47:50.828Z"
    }
},
{
    "model": "sessions.session",
    "pk": "5y40p0wu31ka7k0u0owwg1qrw9feg1kg",
    "fields": {
        "session_data": ".eJxVjEEOwiAQRe_C2hCGzrTg0n3PQKYwStVAUtqV8e7apAvd_vfef6nA25rD1mQJc1JnNajT7zZxfEjZQbpzuVUda1mXedK7og_a9FiTPC-H-3eQueVvTR6sdSzQI_hIaC2jdOy8GYQNWcGrcw7AECXsHSEYMJY7iD4JYlTvD6iGNkc:1tNUmc:8JaZ5X3f_f0zo7OMZ5_y03Cl36QR5-GWvNxtQaQIBp4",
        "expire_date": "2024-12-31T10:26:30.193Z"
    }
},
{
    "model": "sessions.session",
    "pk": "j61f1es3zant7vkmzxz2ineloa6tfomd",
    "fields": {
        "session_data": ".eJxVjEEOwiAQRe_C2hBKywy4dN8zkAGmUjWQlHZlvLtt0oVu33v_v4Wnbc1-a7z4OYmr0OLyywLFJ5dDpAeVe5WxlnWZgzwSedomx5r4dTvbv4NMLe9rExwgx2QQQ4ehtyaZHoAA7ISEDImUJTVh1DvtB8XWOQLiQXNH1onPF97eN8E:1tKcel:VcqoRKJIc-E9DTOIszE7cT-t0GiF4oGaYkAC94SlLFE",
        "expire_date": "2024-12-23T12:14:31.494Z"
    }
},
{
    "model": "sessions.session",
    "pk": "jhyjy3fk0q0ahkx2w5v4ygk1yoes7yhq",
    "fields": {
        "session_data": ".eJxVjEEOwiAQRe_C2hBKywy4dN8zkAGmUjWQlHZlvLtt0oVu33v_v4Wnbc1-a7z4OYmr0OLyywLFJ5dDpAeVe5WxlnWZgzwSedomx5r4dTvbv4NMLe9rExwgx2QQQ4ehtyaZHoAA7ISEDImUJTVh1DvtB8XWOQLiQXNH1onPF97eN8E:1tL1Ve:7vBoPHTtuSTtsuitfQJW7BYrUIu0x4-UalUlFE38YX4",
        "expire_date": "2024-12-24T14:46:46.167Z"
    }
},
{
    "model": "store.otp",
    "pk": 1,
    "fields": {
        "is_deleted": false,
        "mobile_number": "09123882686",
        "otp_code": "424741",
        "created_at": "2024-12-04T10:19:19.124Z"
    }
},
{
    "model": "store.otp",
    "pk": 2,
    "fields": {
        "is_deleted": false,
        "mobile_number": "09123882686",
        "otp_code": "424741",
        "created_at": "2024-12-04T10:20:37.022Z"
    }
},
{
    "model": "store.otp",
    "pk": 3,
    "fields": {
        "is_deleted": false,
        "mobile_number": "09123882686",
        "otp_code": "424741",
        "created_at": "2024-12-04T10:24:23.146Z"
    }
},
{
    "model": "store.otp",
    "pk": 4,
    "fields": {
        "is_deleted": false,
        "mobile_number": "09123882686",
        "otp_code": "424741",
        "created_at": "2024-12-04T10:27:28.292Z"
    }
},
{
    "model": "store.otp",
    "pk": 5,
    "fields": {
        "is_deleted": false,
        "mobile_number": "09123882686",
        "otp_code": "835246",
        "created_at": "2024-12-04T10:29:28.199Z"
    }
},
{
    "model": "store.otp",
    "pk": 6,
    "fields": {
        "is_deleted": false,
        "mobile_number": "09123882686",
        "otp_code": "698311",
        "created_at": "2024-12-04T10:29:47.968Z"
    }
},
{
    "model": "store.otp",
    "pk": 7,
    "fields": {
        "is_deleted": false,
        "mobile_number": "09123882686",
        "otp_code": "576387",
        "created_at": "2024-12-04T10:30:33.282Z"
    }
},
{
    "model": "store.otp",
    "pk": 8,
    "fields": {
        "is_deleted": false,
        "mobile_number": "09123882686",
        "otp_code": "327156",
        "created_at": "2024-12-04T10:31:59.238Z"
    }
},
{
    "model": "store.otp",
    "pk": 9,
    "fields": {
        "is_deleted": false,
        "mobile_number": "09123882686",
        "otp_code": "216199",
        "created_at": "2024-12-04T10:41:23.991Z"
    }
},
{
    "model": "store.otp",
    "pk": 10,
    "fields": {
        "is_deleted": false,
        "mobile_number": "09123882686",
        "otp_code": "446101",
        "created_at": "2024-12-04T10:43:29.061Z"
    }
},
{
    "model": "store.otp",
    "pk": 11,
    "fields": {
        "is_deleted": false,
        "mobile_number": "09123882686",
        "otp_code": "522869",
        "created_at": "2024-12-04T10:47:35.352Z"
    }
},
{
    "model": "store.otp",
    "pk": 12,
    "fields": {
        "is_deleted": false,
        "mobile_number": "09123882686",
        "otp_code": "660373",
        "created_at": "2024-12-04T11:16:14.810Z"
    }
},
{
    "model": "store.otp",
    "pk": 13,
    "fields": {
        "is_deleted": false,
        "mobile_number": "09106061603",
        "otp_code": "319702",
        "created_at": "2024-12-04T11:41:37.184Z"
    }
},
{
    "model": "store.otp",
    "pk": 14,
    "fields": {
        "is_deleted": false,
        "mobile_number": "09106061603",
        "otp_code": "849272",
        "created_at": "2024-12-04T11:45:45.003Z"
    }
},
{
    "model": "store.otp",
    "pk": 15,
    "fields": {
        "is_deleted": false,
        "mobile_number": "09123882686",
        "otp_code": "647180",
        "created_at": "2024-12-09T12:14:14.620Z"
    }
},
{
    "model": "store.otp",
    "pk": 16,
    "fields": {
        "is_deleted": false,
        "mobile_number": "09123882686",
        "otp_code": "379834",
        "created_at": "2024-12-10T14:46:18.521Z"
    }
},
{
    "model": "store.category",
    "pk": 1,
    "fields": {
        "name": "مد و پوشاک زنان",
        "image": "images/Photoroom-20241011_145513_ahmqrcf.png",
        "slug": "women-fashion",
        "title": "مد و پوشاک زنان",
        "content": "",
        "meta_description": "",
        "seo_keywords": null
    }
},
{
    "model": "store.category",
    "pk": 2,
    "fields": {
        "name": "مد و پوشاک مردان",
        "image": "images/jacket_KZcDV7w.png",
        "slug": "men-fashion",
        "title": "مد و پوشاک مردان",
        "content": "",
        "meta_description": "",
        "seo_keywords": null
    }
},
{
    "model": "store.category",
    "pk": 3,
    "fields": {
        "name": "پوشاک کودکان",
        "image": "images/overall_ayD8z33.png",
        "slug": "kids-fashion",
        "title": "پوشاک کودکان",
        "content": "",
        "meta_description": "",
        "seo_keywords": null
    }
},
{
    "model": "store.category",
    "pk": 4,
    "fields": {
        "name": "وسایل حیوانات خانگی",
        "image": "images/pet_awMAgZG.png",
        "slug": "petshop",
        "title": "وسایل حیوانات خانگی",
        "content": "",
        "meta_description": "",
        "seo_keywords": null
    }
},
{
    "model": "store.category",
    "pk": 5,
    "fields": {
        "name": "آرایشی بهداشتی",
        "image": "images/beauty_tHofRIE.png",
        "slug": "beauty",
        "title": "آرایشی بهداشتی",
        "content": "",
        "meta_description": "",
        "seo_keywords": null
    }
},
{
    "model": "store.category",
    "pk": 6,
    "fields": {
        "name": "ورزشی و سفر",
        "image": "images/sport_czT2VFJ.png",
        "slug": "sport-and-travel",
        "title": "ورزشی و سفر",
        "content": "",
        "meta_description": "",
        "seo_keywords": null
    }
},
{
    "model": "store.category",
    "pk": 7,
    "fields": {
        "name": "خانه و آشپزخانه",
        "image": "images/homekitchen_VKC3JeQ.png",
        "slug": "home-and-kitchen",
        "title": "خانه و آشپزخانه",
        "content": "",
        "meta_description": "",
        "seo_keywords": null
    }
},
{
    "model": "store.category",
    "pk": 8,
    "fields": {
        "name": "هنر و صنایع دستی",
        "image": "images/artifacts_nPiUyPD.png",
        "slug": "art-and-artifacts",
        "title": "هنر و صنایع دستی",
        "content": "",
        "meta_description": "",
        "seo_keywords": null
    }
},
{
    "model": "store.category",
    "pk": 9,
    "fields": {
        "name": "بازی و سرگرمی",
        "image": "images/toys_40BQrfu.png",
        "slug": "game-and-entertainment",
        "title": "بازی و سرگرمی",
        "content": "",
        "meta_description": "",
        "seo_keywords": null
    }
},
{
    "model": "store.category",
    "pk": 10,
    "fields": {
        "name": "محصولات خوراکی",
        "image": "images/afzudani_GFx7Egz.png",
        "slug": "edible",
        "title": "محصولات خوراکی",
        "content": "",
        "meta_description": "",
        "seo_keywords": null
    }
},
{
    "model": "store.subcategory",
    "pk": 1,
    "fields": {
        "is_deleted": false,
        "subname": "کت زنانه",
        "categoryname": 1,
        "image": "images/coat1png_6m4jg8j.webp",
        "slug": "women-coat",
        "title": "کت زنانه",
        "content": "",
        "meta_description": "",
        "seo_keywords": null
    }
},
{
    "model": "store.subcategory",
    "pk": 2,
    "fields": {
        "is_deleted": false,
        "subname": "تاپ و کراپ",
        "categoryname": 1,
        "image": "images/top1png_RXzWDQx.webp",
        "slug": "women-top",
        "title": "تاپ و کراپ",
        "content": "",
        "meta_description": "",
        "seo_keywords": null
    }
},
{
    "model": "store.subcategory",
    "pk": 3,
    "fields": {
        "is_deleted": false,
        "subname": "تیشرت زنانه",
        "categoryname": 1,
        "image": "images/tshirt1png_DeAHUev.webp",
        "slug": "women-tshirt",
        "title": "تیشرت زنانه",
        "content": "",
        "meta_description": "",
        "seo_keywords": null
    }
},
{
    "model": "store.subcategory",
    "pk": 4,
    "fields": {
        "is_deleted": false,
        "subname": "شلوار زنانه",
        "categoryname": 1,
        "image": "images/pants1png.webp",
        "slug": "women-pants",
        "title": "شلوار زنانه",
        "content": "",
        "meta_description": "",
        "seo_keywords": null
    }
},
{
    "model": "store.subcategory",
    "pk": 5,
    "fields": {
        "is_deleted": false,
        "subname": "پبراهن زنانه",
        "categoryname": 1,
        "image": "images/dress1_TbJa3O0.webp",
        "slug": "dress",
        "title": "پبراهن زنانه",
        "content": "",
        "meta_description": "",
        "seo_keywords": null
    }
},
{
    "model": "store.subcategory",
    "pk": 6,
    "fields": {
        "is_deleted": false,
        "subname": "شلوارک زنانه",
        "categoryname": 1,
        "image": "images/short1png_OPqPHyx.webp",
        "slug": "women-shortpants",
        "title": "شلوارک زنانه",
        "content": "",
        "meta_description": "",
        "seo_keywords": null
    }
},
{
    "model": "store.subcategory",
    "pk": 7,
    "fields": {
        "is_deleted": false,
        "subname": "دامن",
        "categoryname": 1,
        "image": "images/skirt1png_lag4RKM.webp",
        "slug": "skirt",
        "title": "دامن",
        "content": "",
        "meta_description": "",
        "seo_keywords": null
    }
},
{
    "model": "store.subcategory",
    "pk": 8,
    "fields": {
        "is_deleted": false,
        "subname": "سرهمی",
        "categoryname": 1,
        "image": "images/overall1png_7s0r94g.webp",
        "slug": "overall",
        "title": "سرهمی",
        "content": "",
        "meta_description": "",
        "seo_keywords": null
    }
},
{
    "model": "store.subcategory",
    "pk": 9,
    "fields": {
        "is_deleted": false,
        "subname": "شومیز",
        "categoryname": 1,
        "image": "images/shirt1_lJE3OZN.webp",
        "slug": "women-shirt",
        "title": "شومیز",
        "content": "",
        "meta_description": "",
        "seo_keywords": null
    }
},
{
    "model": "store.subcategory",
    "pk": 10,
    "fields": {
        "is_deleted": false,
        "subname": "ست زنانه",
        "categoryname": 1,
        "image": "images/suit1_cMQod7t.webp",
        "slug": "women-set",
        "title": "ست زنانه",
        "content": "",
        "meta_description": "",
        "seo_keywords": null
    }
},
{
    "model": "store.subcategory",
    "pk": 11,
    "fields": {
        "is_deleted": false,
        "subname": "کیف زنانه",
        "categoryname": 1,
        "image": "images/bag2_H6zVIVj.webp",
        "slug": "women-bag",
        "title": "کیف زنانه",
        "content": "",
        "meta_description": "",
        "seo_keywords": null
    }
},
{
    "model": "store.subcategory",
    "pk": 12,
    "fields": {
        "is_deleted": false,
        "subname": "کفش و صندل",
        "categoryname": 1,
        "image": "images/Photoroom-20241020_111107_fQM9u9K.webp",
        "slug": "women-shoes",
        "title": "کفش و صندل",
        "content": "",
        "meta_description": "",
        "seo_keywords": null
    }
},
{
    "model": "store.subcategory",
    "pk": 13,
    "fields": {
        "is_deleted": false,
        "subname": "مانتو",
        "categoryname": 1,
        "image": "images/manto1png_EkWJqbC.webp",
        "slug": "manto",
        "title": "مانتو",
        "content": "",
        "meta_description": "",
        "seo_keywords": null
    }
},
{
    "model": "store.subcategory",
    "pk": 14,
    "fields": {
        "is_deleted": false,
        "subname": "شال و روسری",
        "categoryname": 1,
        "image": "images/scarf1_Cb92HWg.webp",
        "slug": "scarf",
        "title": "شال و روسری",
        "content": "",
        "meta_description": "",
        "seo_keywords": null
    }
},
{
    "model": "store.subcategory",
    "pk": 15,
    "fields": {
        "is_deleted": false,
        "subname": "کلاه زنانه",
        "categoryname": 1,
        "image": "images/hat1png_knwXVHR.webp",
        "slug": "women-hat",
        "title": "کلاه زنانه",
        "content": "",
        "meta_description": "",
        "seo_keywords": null
    }
},
{
    "model": "store.subcategory",
    "pk": 16,
    "fields": {
        "is_deleted": false,
        "subname": "کت مردانه",
        "categoryname": 2,
        "image": "images/jacketmen_3cLuUYF.webp",
        "slug": "men-coat",
        "title": "کت مردانه",
        "content": "",
        "meta_description": "",
        "seo_keywords": null
    }
},
{
    "model": "store.subcategory",
    "pk": 17,
    "fields": {
        "is_deleted": false,
        "subname": "پیراهن مردانه",
        "categoryname": 2,
        "image": "images/shirtmen_TPu7t5J.webp",
        "slug": "men-shirt",
        "title": "پیراهن مردانه",
        "content": "",
        "meta_description": "",
        "seo_keywords": null
    }
},
{
    "model": "store.subcategory",
    "pk": 18,
    "fields": {
        "is_deleted": false,
        "subname": "تیشرت مردانه",
        "categoryname": 2,
        "image": "images/tshirtmen_6Sd87ZY.webp",
        "slug": "men-tshirt",
        "title": "تیشرت مردانه",
        "content": "",
        "meta_description": "",
        "seo_keywords": null
    }
},
{
    "model": "store.subcategory",
    "pk": 19,
    "fields": {
        "is_deleted": false,
        "subname": "شلوار مردانه",
        "categoryname": 2,
        "image": "images/pantsmen_2ltzHOr.webp",
        "slug": "men-pants",
        "title": "شلوار مردانه",
        "content": "",
        "meta_description": "",
        "seo_keywords": null
    }
},
{
    "model": "store.subcategory",
    "pk": 20,
    "fields": {
        "is_deleted": false,
        "subname": "شلوارک مردانه",
        "categoryname": 2,
        "image": "images/shortmen_R8MAldh.webp",
        "slug": "men-short",
        "title": "شلوارک مردانه",
        "content": "",
        "meta_description": "",
        "seo_keywords": null
    }
},
{
    "model": "store.subcategory",
    "pk": 21,
    "fields": {
        "is_deleted": false,
        "subname": "ست مردانه",
        "categoryname": 2,
        "image": "images/suitmen_Et593om.webp",
        "slug": "men-set",
        "title": "ست مردانه",
        "content": "",
        "meta_description": "",
        "seo_keywords": null
    }
},
{
    "model": "store.subcategory",
    "pk": 22,
    "fields": {
        "is_deleted": false,
        "subname": "کفش مردانه",
        "categoryname": 2,
        "image": "images/shoesmen_jEUwqAy.webp",
        "slug": "men-shoes",
        "title": "کفش مردانه",
        "content": "",
        "meta_description": "",
        "seo_keywords": null
    }
},
{
    "model": "store.subcategory",
    "pk": 23,
    "fields": {
        "is_deleted": false,
        "subname": "کیف مردانه",
        "categoryname": 2,
        "image": "images/bagMen_F8BStKH.webp",
        "slug": "men-bag",
        "title": "کیف مردانه",
        "content": "",
        "meta_description": "",
        "seo_keywords": null
    }
},
{
    "model": "store.subcategory",
    "pk": 24,
    "fields": {
        "is_deleted": false,
        "subname": "کلاه مردانه",
        "categoryname": 2,
        "image": "images/WhatsApp_Image_2024-12-04_at_13.38.39_ed76f048.webp",
        "slug": "men-hat",
        "title": "کلاه مردانه",
        "content": "",
        "meta_description": "",
        "seo_keywords": null
    }
},
{
    "model": "store.subcategory",
    "pk": 25,
    "fields": {
        "is_deleted": false,
        "subname": "کت بچگانه",
        "categoryname": 3,
        "image": "images/jacketk_KXlHfBD.webp",
        "slug": "kids-coat",
        "title": "کت بچگانه",
        "content": "",
        "meta_description": "",
        "seo_keywords": null
    }
},
{
    "model": "store.subcategory",
    "pk": 26,
    "fields": {
        "is_deleted": false,
        "subname": "تیشرت بچگانه",
        "categoryname": 3,
        "image": "images/tshirtk_SfVSg8s.webp",
        "slug": "kids-tshirt",
        "title": "تیشرت بچگانه",
        "content": "",
        "meta_description": "",
        "seo_keywords": null
    }
},
{
    "model": "store.subcategory",
    "pk": 27,
    "fields": {
        "is_deleted": false,
        "subname": "سرهمی بچگانه",
        "categoryname": 3,
        "image": "images/overallk_2XBnYoa.webp",
        "slug": "kids-overall",
        "title": "سرهمی بچگانه",
        "content": "",
        "meta_description": "",
        "seo_keywords": null
    }
},
{
    "model": "store.subcategory",
    "pk": 29,
    "fields": {
        "is_deleted": false,
        "subname": "پیراهن دخترانه",
        "categoryname": 3,
        "image": "images/Untitled_TsvW52l.webp",
        "slug": "kids-dress",
        "title": "پیراهن دخترانه",
        "content": "",
        "meta_description": "",
        "seo_keywords": null
    }
},
{
    "model": "store.subcategory",
    "pk": 30,
    "fields": {
        "is_deleted": false,
        "subname": "پیراهن پسرانه",
        "categoryname": 3,
        "image": "images/Photoroom-20241020_105628_TAowRL7.webp",
        "slug": "kids-shirt",
        "title": "پیراهن پسرانه",
        "content": "",
        "meta_description": "",
        "seo_keywords": null
    }
},
{
    "model": "store.subcategory",
    "pk": 31,
    "fields": {
        "is_deleted": false,
        "subname": "ست پچگانه",
        "categoryname": 3,
        "image": "images/Photoroom-20241020_105723_S5AJE4Q.webp",
        "slug": "kids-set",
        "title": "ست پچگانه",
        "content": "",
        "meta_description": "",
        "seo_keywords": null
    }
},
{
    "model": "store.subcategory",
    "pk": 32,
    "fields": {
        "is_deleted": false,
        "subname": "دورس و هودی",
        "categoryname": 1,
        "image": "images/Photoroom-20241020_105755_svFJxaG.webp",
        "slug": "women-hudie",
        "title": "دورس و هودی",
        "content": "",
        "meta_description": "",
        "seo_keywords": null
    }
},
{
    "model": "store.subcategory",
    "pk": 33,
    "fields": {
        "is_deleted": false,
        "subname": "بافت و هودی",
        "categoryname": 2,
        "image": "images/Photoroom-20241020_105755_YR25AOu.webp",
        "slug": "men-hudie",
        "title": "بافت و هودی",
        "content": "",
        "meta_description": "",
        "seo_keywords": null
    }
},
{
    "model": "store.subcategory",
    "pk": 34,
    "fields": {
        "is_deleted": false,
        "subname": "دامن بچگانه",
        "categoryname": 3,
        "image": "images/skirtk_RvrUyg1.webp",
        "slug": "kids-skirt",
        "title": "دامن بچگانه",
        "content": "",
        "meta_description": "",
        "seo_keywords": null
    }
},
{
    "model": "store.subcategory",
    "pk": 35,
    "fields": {
        "is_deleted": false,
        "subname": "شلوار بچگانه",
        "categoryname": 3,
        "image": "images/pantsk_oI7eFAy.webp",
        "slug": "kids-pants",
        "title": "شلوار بچگانه",
        "content": "",
        "meta_description": "",
        "seo_keywords": null
    }
},
{
    "model": "store.subcategory",
    "pk": 36,
    "fields": {
        "is_deleted": false,
        "subname": "شلوارک بچگانه",
        "categoryname": 3,
        "image": "images/shortk_0HwhZiT.webp",
        "slug": "kids-short",
        "title": "شلوارک بچگانه",
        "content": "",
        "meta_description": "",
        "seo_keywords": null
    }
},
{
    "model": "store.subcategory",
    "pk": 37,
    "fields": {
        "is_deleted": false,
        "subname": "کفش بچگانه",
        "categoryname": 3,
        "image": "images/shoesk_IBgHvmF.webp",
        "slug": "kids-shoes",
        "title": "کفش بچگانه",
        "content": "",
        "meta_description": "",
        "seo_keywords": null
    }
},
{
    "model": "store.subcategory",
    "pk": 38,
    "fields": {
        "is_deleted": false,
        "subname": "کلاه بچگانه",
        "categoryname": 3,
        "image": "images/hatk_HU9Aj8H.webp",
        "slug": "kids-hat",
        "title": "کلاه بچگانه",
        "content": "",
        "meta_description": "",
        "seo_keywords": null
    }
},
{
    "model": "store.subcategory",
    "pk": 39,
    "fields": {
        "is_deleted": false,
        "subname": "محصولات خوراکی حیوانات",
        "categoryname": 4,
        "image": "images/ghaza_bbUFP9i.webp",
        "slug": "pet-food",
        "title": "محصولات خوراکی حیوانات",
        "content": "",
        "meta_description": "",
        "seo_keywords": null
    }
},
{
    "model": "store.subcategory",
    "pk": 40,
    "fields": {
        "is_deleted": false,
        "subname": "لباس و قلاده",
        "categoryname": 4,
        "image": "images/ghalade_6BerOkI.webp",
        "slug": "pet-clothes",
        "title": "لباس و قلاده",
        "content": "",
        "meta_description": "",
        "seo_keywords": null
    }
},
{
    "model": "store.subcategory",
    "pk": 41,
    "fields": {
        "is_deleted": false,
        "subname": "باکس و سایر ملزومات",
        "categoryname": 4,
        "image": "images/bos_QZ1wNuV.webp",
        "slug": "pet-box",
        "title": "باکس پت",
        "content": "",
        "meta_description": "",
        "seo_keywords": null
    }
},
{
    "model": "store.subcategory",
    "pk": 42,
    "fields": {
        "is_deleted": false,
        "subname": "وسایل بازی",
        "categoryname": 4,
        "image": "images/pettoys_Pck7tvn.webp",
        "slug": "pet-toys",
        "title": "وسایل بازی حیوانات",
        "content": "",
        "meta_description": "",
        "seo_keywords": null
    }
},
{
    "model": "store.subcategory",
    "pk": 43,
    "fields": {
        "is_deleted": false,
        "subname": "لوازم آرایشی",
        "categoryname": 5,
        "image": "images/arayesh_KV7Ld7q.webp",
        "slug": "cosmetics",
        "title": "لوازم آرایشی",
        "content": "",
        "meta_description": "",
        "seo_keywords": null
    }
},
{
    "model": "store.subcategory",
    "pk": 44,
    "fields": {
        "is_deleted": false,
        "subname": "مراقبت از مو",
        "categoryname": 5,
        "image": "images/moo_bsa8GpQ.webp",
        "slug": "hair-care",
        "title": "مراقبت از مو",
        "content": "",
        "meta_description": "",
        "seo_keywords": null
    }
},
{
    "model": "store.subcategory",
    "pk": 45,
    "fields": {
        "is_deleted": false,
        "subname": "مراقبت از پوست",
        "categoryname": 5,
        "image": "images/pust_QSpizfx.webp",
        "slug": "skin-care",
        "title": "مراقبت از پوست",
        "content": "",
        "meta_description": "",
        "seo_keywords": null
    }
},
{
    "model": "store.subcategory",
    "pk": 46,
    "fields": {
        "is_deleted": false,
        "subname": "عطر و ادکن",
        "categoryname": 5,
        "image": "images/atr_f0DHeeL.webp",
        "slug": "perfume",
        "title": "عطر و ادکن",
        "content": "",
        "meta_description": "",
        "seo_keywords": null
    }
},
{
    "model": "store.subcategory",
    "pk": 47,
    "fields": {
        "is_deleted": false,
        "subname": "لوازم برقی شخصی",
        "categoryname": 5,
        "image": "images/seshvar_u5ymKvE.webp",
        "slug": "personal-electronic-devices",
        "title": "لوازم برقی شخصی",
        "content": "",
        "meta_description": "",
        "seo_keywords": null
    }
},
{
    "model": "store.subcategory",
    "pk": 48,
    "fields": {
        "is_deleted": false,
        "subname": "بهداشتی",
        "categoryname": 5,
        "image": "images/behdashti_3Nr2LBz.webp",
        "slug": "personal-care",
        "title": "بهداشتی",
        "content": "",
        "meta_description": "",
        "seo_keywords": null
    }
},
{
    "model": "store.subcategory",
    "pk": 49,
    "fields": {
        "is_deleted": false,
        "subname": "ظروف و لوازم دکوری سنتی",
        "categoryname": 8,
        "image": "images/zurufesonati_q32KDwD.webp",
        "slug": "traditional-dish",
        "title": "ظروف و لوازم دکوری سنتی",
        "content": "",
        "meta_description": "",
        "seo_keywords": null
    }
},
{
    "model": "store.subcategory",
    "pk": 50,
    "fields": {
        "is_deleted": false,
        "subname": "اکسسوری و زیورآلات",
        "categoryname": 8,
        "image": "images/accessori_NF3OMQv.webp",
        "slug": "accessories",
        "title": "اکسسوری و زیورآلات",
        "content": "",
        "meta_description": "",
        "seo_keywords": null
    }
},
{
    "model": "store.subcategory",
    "pk": 51,
    "fields": {
        "is_deleted": false,
        "subname": "لوازم پذیرایی",
        "categoryname": 7,
        "image": "images/zarf_6khisDS.webp",
        "slug": "dining-dish",
        "title": "لوازم پذیرایی",
        "content": "",
        "meta_description": "",
        "seo_keywords": null
    }
},
{
    "model": "store.subcategory",
    "pk": 52,
    "fields": {
        "is_deleted": false,
        "subname": "لوازم پخت و پز",
        "categoryname": 7,
        "image": "images/pokhtopaz_arO6d1l.webp",
        "slug": "cooking-dish",
        "title": "لوازم پخت و پز",
        "content": "",
        "meta_description": "",
        "seo_keywords": null
    }
},
{
    "model": "store.subcategory",
    "pk": 53,
    "fields": {
        "is_deleted": false,
        "subname": "لوازم اتاق خواب",
        "categoryname": 7,
        "image": "images/khab_eoMIilQ.webp",
        "slug": "bedroom",
        "title": "لوازم اتاق خواب",
        "content": "",
        "meta_description": "",
        "seo_keywords": null
    }
},
{
    "model": "store.subcategory",
    "pk": 54,
    "fields": {
        "is_deleted": false,
        "subname": "دکوراسیون خانگی",
        "categoryname": 7,
        "image": "images/home_Ps5Qkm9.webp",
        "slug": "decor",
        "title": "دکوراسیون خانگی",
        "content": "",
        "meta_description": "",
        "seo_keywords": null
    }
},
{
    "model": "store.subcategory",
    "pk": 55,
    "fields": {
        "is_deleted": false,
        "subname": "کمپینگ و کوهنوردی",
        "categoryname": 6,
        "image": "images/camp_9gSux2w.webp",
        "slug": "camping",
        "title": "کمپینگ و کوهنوردی",
        "content": "",
        "meta_description": "",
        "seo_keywords": null
    }
},
{
    "model": "store.subcategory",
    "pk": 56,
    "fields": {
        "is_deleted": false,
        "subname": "لوازم ورزشی",
        "categoryname": 6,
        "image": "images/varzesh_1MoQs86.webp",
        "slug": "sport-equipment",
        "title": "لوازم ورزشی",
        "content": "",
        "meta_description": "",
        "seo_keywords": null
    }
},
{
    "model": "store.subcategory",
    "pk": 57,
    "fields": {
        "is_deleted": false,
        "subname": "ساک و چمدان",
        "categoryname": 6,
        "image": "images/sak_J19bjcw.webp",
        "slug": "luggage",
        "title": "ساک و چمدان",
        "content": "",
        "meta_description": "",
        "seo_keywords": null
    }
},
{
    "model": "store.subcategory",
    "pk": 58,
    "fields": {
        "is_deleted": false,
        "subname": "لباس ورزشی",
        "categoryname": 6,
        "image": "images/sc_NZqhvl5.webp",
        "slug": "sport-clothes",
        "title": "لباس ورزشی",
        "content": "",
        "meta_description": "",
        "seo_keywords": null
    }
},
{
    "model": "store.subcategory",
    "pk": 59,
    "fields": {
        "is_deleted": false,
        "subname": "بازی های فکری",
        "categoryname": 9,
        "image": "images/f514030b-f9ae-4913-a1b2-7a5287c89f41_dgqvNhO.webp",
        "slug": "boardgame",
        "title": "بازی های فکری",
        "content": "",
        "meta_description": "",
        "seo_keywords": null
    }
},
{
    "model": "store.subcategory",
    "pk": 60,
    "fields": {
        "is_deleted": false,
        "subname": "پازل و لگو",
        "categoryname": 9,
        "image": "images/pazel_kqPlBfU.webp",
        "slug": "lego",
        "title": "پازل و لگو",
        "content": "",
        "meta_description": "",
        "seo_keywords": null
    }
},
{
    "model": "store.subcategory",
    "pk": 61,
    "fields": {
        "is_deleted": false,
        "subname": "اسباب بازی",
        "categoryname": 9,
        "image": "images/toys_2_p8fzLF4.webp",
        "slug": "toys",
        "title": "اسباب بازی",
        "content": "",
        "meta_description": "",
        "seo_keywords": null
    }
},
{
    "model": "store.subcategory",
    "pk": 62,
    "fields": {
        "is_deleted": false,
        "subname": "لوازم تحریر",
        "categoryname": 9,
        "image": "images/tahrir_B2kLbDX.webp",
        "slug": "stationery",
        "title": "لوازم تحریر",
        "content": "",
        "meta_description": "",
        "seo_keywords": null
    }
},
{
    "model": "store.subcategory",
    "pk": 63,
    "fields": {
        "is_deleted": false,
        "subname": "شکلات ونتقلات",
        "categoryname": 10,
        "image": "images/chocolate_fLVYabp.webp",
        "slug": "chocolate",
        "title": "شکلات ونتقلات",
        "content": "",
        "meta_description": "",
        "seo_keywords": null
    }
},
{
    "model": "store.subcategory",
    "pk": 64,
    "fields": {
        "is_deleted": false,
        "subname": "قهوه و دمنوش",
        "categoryname": 10,
        "image": "images/ghahve_WYUF9V7.webp",
        "slug": "coffee",
        "title": "قهوه و دمنوش",
        "content": "",
        "meta_description": "",
        "seo_keywords": null
    }
},
{
    "model": "store.shop",
    "pk": 1,
    "fields": {
        "is_deleted": false,
        "is_approved": false,
        "store_name": "maha",
        "account": 1,
        "description": "فروشگاه ماهان",
        "instagramId": "mahan@toys",
        "email": "mahsan.ps@gmail.com",
        "contact": "09123882686",
        "address": "پونک",
        "delivery_cost": 1500,
        "delivery_policy": "رایگان",
        "image": "images/ghahve_3IQtVW5.webp"
    }
},
{
    "model": "store.shop",
    "pk": 2,
    "fields": {
        "is_deleted": false,
        "is_approved": false,
        "store_name": "Sana",
        "account": 2,
        "description": "فروشگاه سنا",
        "instagramId": "Sana_12",
        "email": "mahsan_paksima@yahoo.com",
        "contact": "09123882686",
        "address": "",
        "delivery_cost": 150,
        "delivery_policy": "ارسال رایگان",
        "image": "images/hatmen_iz84UgT.webp"
    }
},
{
    "model": "store.shop",
    "pk": 3,
    "fields": {
        "is_deleted": false,
        "is_approved": false,
        "store_name": "Dancing_Store",
        "account": 3,
        "description": "",
        "instagramId": "nahalyekta-collection",
        "email": "nahal.yekta20@gmail.com",
        "contact": "09123011412",
        "address": "جردن بلوار گلشهر مرکز خرید گلشهر طبقه اول",
        "delivery_cost": 0,
        "delivery_policy": "هزینه ارسال با پیک بر عهده مشتری می باشد.",
        "image": "images/WhatsApp_Image_2024-12-04_at_15.36.12_8d82a625.webp"
    }
},
{
    "model": "store.shop",
    "pk": 4,
    "fields": {
        "is_deleted": false,
        "is_approved": false,
        "store_name": "helos__boutique",
        "account": 4,
        "description": "",
        "instagramId": "helos__boutique",
        "email": "egohari03@gmail.com",
        "contact": "09197260757",
        "address": "بلوار آیت الله کاشانی - بعد از سه راه جنت آباد - مرکز خرید اترک - طبقه همکف",
        "delivery_cost": 0,
        "delivery_policy": "ارسال رایگان\r\nزمان ارسال ۲ -۳ روز کاری",
        "image": "images/WhatsApp_Image_2024-12-04_at_15.55.27_65217537.webp"
    }
},
{
    "model": "store.shop",
    "pk": 5,
    "fields": {
        "is_deleted": false,
        "is_approved": false,
        "store_name": "anova_women",
        "account": 5,
        "description": "",
        "instagramId": "anova_women",
        "email": "behzad.keyvanjah@gmail.com",
        "contact": "09198607636",
        "address": "",
        "delivery_cost": 0,
        "delivery_policy": "ارسال رایگان\r\nپست ملی",
        "image": "images/WhatsApp_Image_2024-12-04_at_15.55.27_50613e12.webp"
    }
},
{
    "model": "store.shop",
    "pk": 6,
    "fields": {
        "is_deleted": false,
        "is_approved": false,
        "store_name": "versai_room2",
        "account": 6,
        "description": "",
        "instagramId": "versai_room2",
        "email": "alifallah0098@yahoo.com",
        "contact": "09120520105",
        "address": "جنت آباد مرکزی -تقاطع همت - پاساز طوبی - طبقه زیر همکف",
        "delivery_cost": 90000,
        "delivery_policy": "ارسال با تیپاکس\r\nنهایت تا ۳ روز",
        "image": "images/WhatsApp_Image_2024-12-04_at_15.55.29_4513f23c.webp"
    }
},
{
    "model": "store.shopimage",
    "pk": 1,
    "fields": {
        "is_deleted": false,
        "shop": 1,
        "banner_image1": "images/afzudani_1BGYq70.webp",
        "banner_image2": "images/ghahve_bivI62x.webp",
        "banner_image3": "images/chocolate_Ucg5wYi.webp",
        "webp_image": ""
    }
},
{
    "model": "store.shopimage",
    "pk": 2,
    "fields": {
        "is_deleted": false,
        "shop": 2,
        "banner_image1": "images/Screenshot_20241201-141319.webp",
        "banner_image2": "images/Screenshot_20241201-141307.webp",
        "banner_image3": "images/Screenshot_20241201-140849.webp",
        "webp_image": ""
    }
},
{
    "model": "store.shopimage",
    "pk": 3,
    "fields": {
        "is_deleted": false,
        "shop": 3,
        "banner_image1": "images/WhatsApp_Image_2024-12-04_at_16.10.42_4a867797.webp",
        "banner_image2": "images/WhatsApp_Image_2024-12-04_at_16.10.43_5d0506ae.webp",
        "banner_image3": "images/WhatsApp_Image_2024-12-04_at_16.10.43_98ab9654.webp",
        "webp_image": ""
    }
},
{
    "model": "store.shopimage",
    "pk": 4,
    "fields": {
        "is_deleted": false,
        "shop": 4,
        "banner_image1": "images/WhatsApp_Image_2024-12-04_at_16.28.33_8a8c01eb.webp",
        "banner_image2": "images/Photoroom-20241110_135107_CGAGKW9.webp",
        "banner_image3": "images/WhatsApp_Image_2024-12-04_at_16.28.34_e2dbee7f.webp",
        "webp_image": ""
    }
},
{
    "model": "store.shopimage",
    "pk": 5,
    "fields": {
        "is_deleted": false,
        "shop": 5,
        "banner_image1": "images/WhatsApp_Image_2024-12-04_at_15.33.56_125647b4.webp",
        "banner_image2": "images/WhatsApp_Image_2024-12-04_at_15.33.56_572b6412.webp",
        "banner_image3": "images/WhatsApp_Image_2024-12-04_at_15.33.56_30fe43b1.webp",
        "webp_image": ""
    }
},
{
    "model": "store.shopimage",
    "pk": 6,
    "fields": {
        "is_deleted": false,
        "shop": 6,
        "banner_image1": "images/WhatsApp_Image_2024-12-04_at_15.34.19_12541cf6.webp",
        "banner_image2": "images/WhatsApp_Image_2024-12-04_at_15.34.19_3ad57099.webp",
        "banner_image3": "images/WhatsApp_Image_2024-12-04_at_15.34.20_7fecd6d3.webp",
        "webp_image": ""
    }
},
{
    "model": "store.color",
    "pk": 1,
    "fields": {
        "color": "مشکی"
    }
},
{
    "model": "store.color",
    "pk": 2,
    "fields": {
        "color": "سفید"
    }
},
{
    "model": "store.color",
    "pk": 3,
    "fields": {
        "color": "سورمه ای"
    }
},
{
    "model": "store.color",
    "pk": 4,
    "fields": {
        "color": "سبز"
    }
},
{
    "model": "store.color",
    "pk": 5,
    "fields": {
        "color": "یشمی"
    }
},
{
    "model": "store.color",
    "pk": 6,
    "fields": {
        "color": "بنفش"
    }
},
{
    "model": "store.color",
    "pk": 7,
    "fields": {
        "color": "آبی"
    }
},
{
    "model": "store.color",
    "pk": 8,
    "fields": {
        "color": "نارنجی"
    }
},
{
    "model": "store.color",
    "pk": 9,
    "fields": {
        "color": "نقره ای"
    }
},
{
    "model": "store.color",
    "pk": 10,
    "fields": {
        "color": "کرم"
    }
},
{
    "model": "store.color",
    "pk": 11,
    "fields": {
        "color": "قهوه ای"
    }
},
{
    "model": "store.color",
    "pk": 12,
    "fields": {
        "color": "قرمز"
    }
},
{
    "model": "store.color",
    "pk": 13,
    "fields": {
        "color": "صورتی"
    }
},
{
    "model": "store.color",
    "pk": 14,
    "fields": {
        "color": "طلایی"
    }
},
{
    "model": "store.color",
    "pk": 15,
    "fields": {
        "color": "طوسی"
    }
},
{
    "model": "store.color",
    "pk": 16,
    "fields": {
        "color": "زرد"
    }
},
{
    "model": "store.color",
    "pk": 17,
    "fields": {
        "color": "زرشکی"
    }
},
{
    "model": "store.product",
    "pk": 1,
    "fields": {
        "is_deleted": false,
        "is_approved": false,
        "name": "تیشرت",
        "productCode": "15450",
        "image": "images/top5_z7Zbe5T.webp",
        "description": "تیشرت نخی",
        "material": "نخی",
        "madeIn": "ایران",
        "price": 120000,
        "isactive": true,
        "category": 1,
        "subcategory": 2,
        "shop": 1,
        "instagram_post_id": null,
        "discount": "0.00",
        "is_ready": true,
        "webp_image": ""
    }
},
{
    "model": "store.product",
    "pk": 2,
    "fields": {
        "is_deleted": false,
        "is_approved": false,
        "name": "تیشرت",
        "productCode": "۵۵",
        "image": "images/Photoroom-20241204_133814_ntJy7jx.webp",
        "description": "لباس",
        "material": null,
        "madeIn": null,
        "price": 1500,
        "isactive": true,
        "category": 1,
        "subcategory": 2,
        "shop": 2,
        "instagram_post_id": null,
        "discount": "0.00",
        "is_ready": false,
        "webp_image": ""
    }
},
{
    "model": "store.product",
    "pk": 4,
    "fields": {
        "is_deleted": false,
        "is_approved": false,
        "name": "تیشرت نخی",
        "productCode": "",
        "image": "images/Photoroom-20241204_133814_vOxR2Q7.webp",
        "description": "تیشرت نخی در رنگ های متنوع",
        "material": null,
        "madeIn": null,
        "price": 250000,
        "isactive": true,
        "category": 1,
        "subcategory": 3,
        "shop": 2,
        "instagram_post_id": null,
        "discount": "5.00",
        "is_ready": false,
        "webp_image": ""
    }
},
{
    "model": "store.product",
    "pk": 5,
    "fields": {
        "is_deleted": false,
        "is_approved": false,
        "name": "تیشرت",
        "productCode": "",
        "image": "images/hatmen_4X2L0Iw.webp",
        "description": "",
        "material": null,
        "madeIn": null,
        "price": 250000,
        "isactive": true,
        "category": 1,
        "subcategory": 15,
        "shop": 2,
        "instagram_post_id": null,
        "discount": "5.00",
        "is_ready": true,
        "webp_image": ""
    }
},
{
    "model": "store.product",
    "pk": 6,
    "fields": {
        "is_deleted": false,
        "is_approved": false,
        "name": "هیلز چرم",
        "productCode": "",
        "image": "images/Photoroom-20241030_165307.webp",
        "description": "",
        "material": "چرم",
        "madeIn": "ایران",
        "price": 1800000,
        "isactive": true,
        "category": 1,
        "subcategory": 12,
        "shop": 3,
        "instagram_post_id": null,
        "discount": "0.00",
        "is_ready": true,
        "webp_image": ""
    }
},
{
    "model": "store.product",
    "pk": 7,
    "fields": {
        "is_deleted": false,
        "is_approved": false,
        "name": "تیشرت",
        "productCode": "",
        "image": "images/hat1png_lglluCg.webp",
        "description": "",
        "material": null,
        "madeIn": null,
        "price": 2500,
        "isactive": true,
        "category": 1,
        "subcategory": 5,
        "shop": 1,
        "instagram_post_id": null,
        "discount": "0.00",
        "is_ready": false,
        "webp_image": ""
    }
},
{
    "model": "store.product",
    "pk": 8,
    "fields": {
        "is_deleted": false,
        "is_approved": false,
        "name": "تیشرت",
        "productCode": "",
        "image": "images/hat1png_IVrBUKE.png",
        "description": "",
        "material": null,
        "madeIn": null,
        "price": 1200,
        "isactive": true,
        "category": 1,
        "subcategory": 2,
        "shop": 2,
        "instagram_post_id": null,
        "discount": "0.00",
        "is_ready": false,
        "webp_image": ""
    }
},
{
    "model": "store.product",
    "pk": 9,
    "fields": {
        "is_deleted": false,
        "is_approved": false,
        "name": "تیشرت",
        "productCode": "",
        "image": "images/hat1png_VsWAZV3.png",
        "description": "",
        "material": null,
        "madeIn": null,
        "price": 1200,
        "isactive": true,
        "category": 1,
        "subcategory": 2,
        "shop": 2,
        "instagram_post_id": null,
        "discount": "0.00",
        "is_ready": false,
        "webp_image": ""
    }
},
{
    "model": "store.product",
    "pk": 10,
    "fields": {
        "is_deleted": false,
        "is_approved": false,
        "name": "تیشرت",
        "productCode": "",
        "image": "images/hat1png_r2NiYeY.png",
        "description": "",
        "material": null,
        "madeIn": null,
        "price": 100,
        "isactive": true,
        "category": 1,
        "subcategory": 5,
        "shop": 2,
        "instagram_post_id": null,
        "discount": "0.00",
        "is_ready": false,
        "webp_image": ""
    }
},
{
    "model": "store.product",
    "pk": 11,
    "fields": {
        "is_deleted": false,
        "is_approved": false,
        "name": "تیشرت",
        "productCode": "",
        "image": "images/hat1png_a1Kfrrz.png",
        "description": "",
        "material": null,
        "madeIn": null,
        "price": 100,
        "isactive": true,
        "category": 1,
        "subcategory": 5,
        "shop": 2,
        "instagram_post_id": null,
        "discount": "0.00",
        "is_ready": false,
        "webp_image": ""
    }
},
{
    "model": "store.productimage",
    "pk": 1,
    "fields": {
        "is_deleted": false,
        "product": 1,
        "image": "images/top4_LyaaHqF.webp",
        "webp_image": ""
    }
},
{
    "model": "store.productimage",
    "pk": 2,
    "fields": {
        "is_deleted": false,
        "product": 1,
        "image": "images/top3_fufH1X2.webp",
        "webp_image": ""
    }
},
{
    "model": "store.productimage",
    "pk": 3,
    "fields": {
        "is_deleted": false,
        "product": 1,
        "image": "images/top2_VOtMvN3.webp",
        "webp_image": ""
    }
},
{
    "model": "store.productimage",
    "pk": 4,
    "fields": {
        "is_deleted": false,
        "product": 1,
        "image": "images/top1_cPX5cxn.webp",
        "webp_image": ""
    }
},
{
    "model": "store.productimage",
    "pk": 8,
    "fields": {
        "is_deleted": false,
        "product": 5,
        "image": "images/Photoroom-20241204_133814_U1dklrA.webp",
        "webp_image": ""
    }
},
{
    "model": "store.productimage",
    "pk": 9,
    "fields": {
        "is_deleted": false,
        "product": 6,
        "image": "images/Photoroom-20241030_165344.webp",
        "webp_image": ""
    }
},
{
    "model": "store.productimage",
    "pk": 10,
    "fields": {
        "is_deleted": false,
        "product": 6,
        "image": "images/Photoroom-20241030_165131.webp",
        "webp_image": ""
    }
},
{
    "model": "store.productimage",
    "pk": 11,
    "fields": {
        "is_deleted": false,
        "product": 6,
        "image": "images/Photoroom-20241030_165034.webp",
        "webp_image": ""
    }
},
{
    "model": "store.productimage",
    "pk": 12,
    "fields": {
        "is_deleted": false,
        "product": 6,
        "image": "images/Photoroom-20241030_164951.webp",
        "webp_image": ""
    }
},
{
    "model": "store.productimage",
    "pk": 13,
    "fields": {
        "is_deleted": false,
        "product": 7,
        "image": "images/coat1png_xbjtlQq.webp",
        "webp_image": ""
    }
},
{
    "model": "store.productimage",
    "pk": 14,
    "fields": {
        "is_deleted": false,
        "product": 7,
        "image": "images/coat11png.webp",
        "webp_image": ""
    }
},
{
    "model": "store.productimage",
    "pk": 15,
    "fields": {
        "is_deleted": false,
        "product": 7,
        "image": "images/dress1_umGJOnc.webp",
        "webp_image": ""
    }
},
{
    "model": "store.productimage",
    "pk": 16,
    "fields": {
        "is_deleted": false,
        "product": 7,
        "image": "images/hat1png_agxvuZX.webp",
        "webp_image": ""
    }
},
{
    "model": "store.productvariation",
    "pk": 1,
    "fields": {
        "is_deleted": false,
        "product": 1,
        "size": "38",
        "color": 7,
        "quantity": 10
    }
},
{
    "model": "store.productvariation",
    "pk": 2,
    "fields": {
        "is_deleted": false,
        "product": 1,
        "size": "36",
        "color": 12,
        "quantity": 11
    }
},
{
    "model": "store.productvariation",
    "pk": 5,
    "fields": {
        "is_deleted": false,
        "product": 5,
        "size": "۳۶",
        "color": 1,
        "quantity": 10
    }
},
{
    "model": "store.productvariation",
    "pk": 6,
    "fields": {
        "is_deleted": false,
        "product": 5,
        "size": "۳۶",
        "color": 5,
        "quantity": 10
    }
},
{
    "model": "store.productvariation",
    "pk": 7,
    "fields": {
        "is_deleted": false,
        "product": 5,
        "size": "۳۸",
        "color": 4,
        "quantity": 5
    }
},
{
    "model": "store.productvariation",
    "pk": 8,
    "fields": {
        "is_deleted": false,
        "product": 6,
        "size": "38",
        "color": 1,
        "quantity": 2
    }
},
{
    "model": "store.productvariation",
    "pk": 9,
    "fields": {
        "is_deleted": false,
        "product": 6,
        "size": "38",
        "color": 2,
        "quantity": 2
    }
},
{
    "model": "store.bankaccount",
    "pk": 1,
    "fields": {
        "is_deleted": false,
        "shop": 1,
        "name": "مهسا پاک سیما",
        "bankName": "پارسیان",
        "cartNumber": "6221091059870875",
        "accountNumber": "ir1200000698500036"
    }
},
{
    "model": "store.order",
    "pk": 1,
    "fields": {
        "is_deleted": false,
        "created_at": "2024-12-04T04:43:17.774Z",
        "account": 1,
        "is_paid": true,
        "total_price": "1650.00",
        "total_discount": "0.00",
        "delivery_address_unit_number": "مجتمع شقایق بلوک cواحد ۴۲۲",
        "delivery_address_street_name": "خ سرتیپ شفائی،منوچهری شرقی",
        "delivery_address_suburb": "سازمان برنامه",
        "delivery_address_city": "تهران",
        "delivery_address_state": "تهران",
        "delivery_address_country": null,
        "delivery_address_postcode": "1483917149",
        "mobile_number": null,
        "email": null,
        "payment_authority": "A000000000000000000000000000822wedje",
        "payment_status": false,
        "shop": 2
    }
},
{
    "model": "store.orderitem",
    "pk": 1,
    "fields": {
        "is_deleted": false,
        "order": 1,
        "variation": 4,
        "total_price": 1500.0,
        "variation_price": 1500.0,
        "discount": 0.0,
        "quantity": 1
    }
},
{
    "model": "store.orderdelivery",
    "pk": 1,
    "fields": {
        "is_deleted": false,
        "order": 1,
        "status": "DELIVERING",
        "tracking_number": "778999900011111"
    }
},
{
    "model": "store.contact",
    "pk": 1,
    "fields": {
        "is_deleted": false,
        "name": "Bruce Godon",
        "title": "RE: Get more leads from your website",
        "email": "info@increaseorganictraffic.com",
        "message": "Hi inshopping.net,\r\n\r\nI would like to discuss SEO!\r\n\r\nI hope this email finds you well. We can put your website on 1st page of Google to drive relevant traffic to your site it can help your business expand its reach, acquire more customers, and boost revenue. Let us know if you would be interested in getting detailed proposal. We can also schedule a call & will be pleased to explain our services in detail.\r\n\r\nWe look forward to hearing from you soon.\r\n\r\nThanks,\r\n\r\nBests Regards,\r\nBruce Godon\r\nSr SEO consultant\r\nhttps://www.increaseorganictraffic.com\r\nPh. No: 1-804-715-1479\r\n\r\nIf you don’t want me to contact you again about this, reply with “unsubscribe”"
    }
},
{
    "model": "store.contact",
    "pk": 2,
    "fields": {
        "is_deleted": false,
        "name": "Amelia Brown",
        "title": "Bokos Ndqd hd",
        "email": "ameliabrown5822@gmail.com",
        "message": "Hi there,\r\n\r\nWe run a YouTube growth service, which increases your number of subscribers both safely and practically.\r\n\r\n- We guarantee to gain you 700-1500+ subscribers per month.\r\n- People subscribe because they are interested in your channel/videos, increasing likes, comments and interaction.\r\n- All actions are made manually by our team. We do not use any 'bots'.\r\n\r\n The price is just $60 (USD) per month, and we can start immediately.\r\n\r\nIf you have any questions, let me know, and we can discuss further.\r\n\r\nKind Regards,\r\nAmelia"
    }
},
{
    "model": "store.contact",
    "pk": 3,
    "fields": {
        "is_deleted": false,
        "name": "Tia Mowry",
        "title": "RE: Get more leads from your website",
        "email": "info@increaseorganictraffic.com",
        "message": "Hi inshopping.net,\r\n\r\nAt present, your website is not ranking on Google and your competitors are sitting at the top and taking all the fruits. \r\nIf you're still interested to get more phone calls and leads from your website, then we can put it on top 3 positions on Google Maps within your target area.\r\n\r\nCan I send the proposal and pricing to accomplish your business goals? \r\n\r\nThanks,\r\n\r\nBests Regards,\r\nTia Mowry\r\nSr SEO consultant\r\nhttp://www.increaseorganictraffic.com\r\nPh. No: 1-804-715-1479\r\n\r\nIf you don’t want me to contact you again about this, reply with “unsubscribe”"
    }
},
{
    "model": "store.contact",
    "pk": 4,
    "fields": {
        "is_deleted": false,
        "name": "plumber_uaPi",
        "title": "plumber san jose",
        "email": "alnacentflyc1988@stomatolog4-3d-printery.store",
        "message": "Профессиональные сантехники в Сан-Хосе ждут вас!, Лучшие решения для вашего сантехнического оборудования. \r\nЭффективный ремонт сантехники по доступной цене, Звоните прямо сейчас для записи на удобное время. \r\nЭкспресс услуги сантехника тут и сейчас, Опытные мастера готовы выехать по вызову. \r\nЭксперт по установке душевых кабин в вашем районе, Профессиональный подход к любой задаче в сфере сантехники. \r\nКачественный ремонт труб в Сан-Хосе любой сложности, Звоните прямо сейчас и наши специалисты приедут в удобное время. \r\nЭффективный ремонт канализации по доступной цене, Звоните для консультации или записи на удобное время. \r\nКачественный ремонт водопровода по доступным ценам, Звоните сейчас для уточнения информации и записи на удобное время. \r\nplumber san jose <a href=http://www.plumbersan-joseca4.com>http://www.plumbersan-joseca4.com</a> ."
    }
},
{
    "model": "store.contact",
    "pk": 5,
    "fields": {
        "is_deleted": false,
        "name": "Alejandra Will",
        "title": "Supercharge Your Online Presence with Mintsuite – Limited Time Offer!",
        "email": "will.alejandra@gmail.com",
        "message": "Hi there,\r\n\r\nWe’re excited to introduce Mintsuite, the ultimate platform to enhance your online presence and drive results. Mintsuite empowers you to create stunning websites, manage social media like a pro, and generate traffic effortlessly.\r\n\r\nCreate Stunning Websites\r\nManage Social Media Effortlessly\r\nGenerate Unlimited Traffic\r\n\r\nGrab Mintsuite now for just $16 (normally $180)!\r\n\r\nCheck out the amazing features of Mintsuite here: https://furtherinfo.info/mint\r\n\r\nThanks for your time,\r\nAlejandra"
    }
},
{
    "model": "store.contact",
    "pk": 6,
    "fields": {
        "is_deleted": false,
        "name": "NARETGR1684250NERTYTRY",
        "title": "TOHHRT1684250TIGHTRTG",
        "email": "trentboyd2000@puedemail.com",
        "message": "MERTYHRTHYHT1684250MARTHHDF"
    }
},
{
    "model": "store.contact",
    "pk": 7,
    "fields": {
        "is_deleted": false,
        "name": "Bruce Godon",
        "title": "RE: Get more leads from your website",
        "email": "info@increaseorganictraffic.com",
        "message": "Hi inshopping.net,\r\n\r\nI would like to discuss SEO!\r\n\r\nI hope this email finds you well. We can put your website on 1st page of Google to drive relevant traffic to your site it can help your business expand its reach, acquire more customers, and boost revenue. Let us know if you would be interested in getting detailed proposal. We can also schedule a call & will be pleased to explain our services in detail.\r\n\r\nWe look forward to hearing from you soon.\r\n\r\nThanks,\r\n\r\nBests Regards,\r\nBruce Godon\r\nSr SEO consultant\r\nhttps://www.increaseorganictraffic.com\r\nPh. No: 1-804-715-1479\r\n\r\nIf you don’t want me to contact you again about this, reply with “unsubscribe”"
    }
}
]
