{"paths": {"admin/js/vendor/select2/i18n/af.js": "admin/js/vendor/select2/i18n/af.4f6fcd73488c.js", "admin/js/vendor/select2/i18n/ar.js": "admin/js/vendor/select2/i18n/ar.65aa8e36bf5d.js", "admin/js/vendor/select2/i18n/az.js": "admin/js/vendor/select2/i18n/az.270c257daf81.js", "admin/js/vendor/select2/i18n/bg.js": "admin/js/vendor/select2/i18n/bg.39b8be30d4f0.js", "admin/js/vendor/select2/i18n/bn.js": "admin/js/vendor/select2/i18n/bn.6d42b4dd5665.js", "admin/js/vendor/select2/i18n/bs.js": "admin/js/vendor/select2/i18n/bs.91624382358e.js", "admin/js/vendor/select2/i18n/ca.js": "admin/js/vendor/select2/i18n/ca.a166b745933a.js", "admin/js/vendor/select2/i18n/cs.js": "admin/js/vendor/select2/i18n/cs.4f43e8e7d33a.js", "admin/js/vendor/select2/i18n/da.js": "admin/js/vendor/select2/i18n/da.766346afe4dd.js", "admin/js/vendor/select2/i18n/de.js": "admin/js/vendor/select2/i18n/de.8a1c222b0204.js", "admin/js/vendor/select2/i18n/dsb.js": "admin/js/vendor/select2/i18n/dsb.56372c92d2f1.js", "admin/js/vendor/select2/i18n/el.js": "admin/js/vendor/select2/i18n/el.27097f071856.js", "admin/js/vendor/select2/i18n/en.js": "admin/js/vendor/select2/i18n/en.cf932ba09a98.js", "admin/js/vendor/select2/i18n/es.js": "admin/js/vendor/select2/i18n/es.66dbc2652fb1.js", "admin/js/vendor/select2/i18n/et.js": "admin/js/vendor/select2/i18n/et.2b96fd98289d.js", "admin/js/vendor/select2/i18n/eu.js": "admin/js/vendor/select2/i18n/eu.adfe5c97b72c.js", "admin/js/vendor/select2/i18n/fa.js": "admin/js/vendor/select2/i18n/fa.3b5bd1961cfd.js", "admin/js/vendor/select2/i18n/fi.js": "admin/js/vendor/select2/i18n/fi.614ec42aa9ba.js", "admin/js/vendor/select2/i18n/fr.js": "admin/js/vendor/select2/i18n/fr.05e0542fcfe6.js", "admin/js/vendor/select2/i18n/gl.js": "admin/js/vendor/select2/i18n/gl.d99b1fedaa86.js", "admin/js/vendor/select2/i18n/he.js": "admin/js/vendor/select2/i18n/he.e420ff6cd3ed.js", "admin/js/vendor/select2/i18n/hi.js": "admin/js/vendor/select2/i18n/hi.70640d41628f.js", "admin/js/vendor/select2/i18n/hr.js": "admin/js/vendor/select2/i18n/hr.a2b092cc1147.js", "admin/js/vendor/select2/i18n/hsb.js": "admin/js/vendor/select2/i18n/hsb.fa3b55265efe.js", "admin/js/vendor/select2/i18n/hu.js": "admin/js/vendor/select2/i18n/hu.6ec6039cb8a3.js", "admin/js/vendor/select2/i18n/hy.js": "admin/js/vendor/select2/i18n/hy.c7babaeef5a6.js", "admin/js/vendor/select2/i18n/id.js": "admin/js/vendor/select2/i18n/id.04debded514d.js", "admin/js/vendor/select2/i18n/is.js": "admin/js/vendor/select2/i18n/is.3ddd9a6a97e9.js", "admin/js/vendor/select2/i18n/it.js": "admin/js/vendor/select2/i18n/it.be4fe8d365b5.js", "admin/js/vendor/select2/i18n/ja.js": "admin/js/vendor/select2/i18n/ja.170ae885d74f.js", "admin/js/vendor/select2/i18n/ka.js": "admin/js/vendor/select2/i18n/ka.2083264a54f0.js", "admin/js/vendor/select2/i18n/km.js": "admin/js/vendor/select2/i18n/km.c23089cb06ca.js", "admin/js/vendor/select2/i18n/ko.js": "admin/js/vendor/select2/i18n/ko.e7be6c20e673.js", "admin/js/vendor/select2/i18n/lt.js": "admin/js/vendor/select2/i18n/lt.23c7ce903300.js", "admin/js/vendor/select2/i18n/lv.js": "admin/js/vendor/select2/i18n/lv.08e62128eac1.js", "admin/js/vendor/select2/i18n/mk.js": "admin/js/vendor/select2/i18n/mk.dabbb9087130.js", "admin/js/vendor/select2/i18n/ms.js": "admin/js/vendor/select2/i18n/ms.4ba82c9a51ce.js", "admin/js/vendor/select2/i18n/nb.js": "admin/js/vendor/select2/i18n/nb.da2fce143f27.js", "admin/js/vendor/select2/i18n/ne.js": "admin/js/vendor/select2/i18n/ne.3d79fd3f08db.js", "admin/js/vendor/select2/i18n/nl.js": "admin/js/vendor/select2/i18n/nl.997868a37ed8.js", "admin/js/vendor/select2/i18n/pl.js": "admin/js/vendor/select2/i18n/pl.6031b4f16452.js", "admin/js/vendor/select2/i18n/ps.js": "admin/js/vendor/select2/i18n/ps.38dfa47af9e0.js", "admin/js/vendor/select2/i18n/pt-BR.js": "admin/js/vendor/select2/i18n/pt-BR.e1b294433e7f.js", "admin/js/vendor/select2/i18n/pt.js": "admin/js/vendor/select2/i18n/pt.33b4a3b44d43.js", "admin/js/vendor/select2/i18n/ro.js": "admin/js/vendor/select2/i18n/ro.f75cb460ec3b.js", "admin/js/vendor/select2/i18n/ru.js": "admin/js/vendor/select2/i18n/ru.934aa95f5b5f.js", "admin/js/vendor/select2/i18n/sk.js": "admin/js/vendor/select2/i18n/sk.33d02cef8d11.js", "admin/js/vendor/select2/i18n/sl.js": "admin/js/vendor/select2/i18n/sl.131a78bc0752.js", "admin/js/vendor/select2/i18n/sq.js": "admin/js/vendor/select2/i18n/sq.5636b60d29c9.js", "admin/js/vendor/select2/i18n/sr-Cyrl.js": "admin/js/vendor/select2/i18n/sr-Cyrl.f254bb8c4c7c.js", "admin/js/vendor/select2/i18n/sr.js": "admin/js/vendor/select2/i18n/sr.5ed85a48f483.js", "admin/js/vendor/select2/i18n/sv.js": "admin/js/vendor/select2/i18n/sv.7a9c2f71e777.js", "admin/js/vendor/select2/i18n/th.js": "admin/js/vendor/select2/i18n/th.f38c20b0221b.js", "admin/js/vendor/select2/i18n/tk.js": "admin/js/vendor/select2/i18n/tk.7c572a68c78f.js", "admin/js/vendor/select2/i18n/tr.js": "admin/js/vendor/select2/i18n/tr.b5a0643d1545.js", "admin/js/vendor/select2/i18n/uk.js": "admin/js/vendor/select2/i18n/uk.8cede7f4803c.js", "admin/js/vendor/select2/i18n/vi.js": "admin/js/vendor/select2/i18n/vi.097a5b75b3e1.js", "admin/js/vendor/select2/i18n/zh-CN.js": "admin/js/vendor/select2/i18n/zh-CN.2cff662ec5f9.js", "admin/js/vendor/select2/i18n/zh-TW.js": "admin/js/vendor/select2/i18n/zh-TW.04554a227c2b.js", "admin/css/vendor/select2/LICENSE-SELECT2.md": "admin\\css\\vendor\\select2\\LICENSE-SELECT2.f94142512c91.md", "admin/css/vendor/select2/select2.css": "admin/css/vendor/select2/select2.a2194c262648.css", "admin/css/vendor/select2/select2.min.css": "admin/css/vendor/select2/select2.min.9f54e6414f87.css", "admin/js/vendor/jquery/jquery.js": "admin/js/vendor/jquery/jquery.12e87d2f3a4c.js", "admin/js/vendor/jquery/jquery.min.js": "admin/js/vendor/jquery/jquery.min.2c872dbe60f4.js", "admin/js/vendor/jquery/LICENSE.txt": "admin\\js\\vendor\\jquery\\LICENSE.de877aa6d744.txt", "admin/js/vendor/select2/LICENSE.md": "admin\\js\\vendor\\select2\\LICENSE.f94142512c91.md", "admin/js/vendor/select2/select2.full.js": "admin/js/vendor/select2/select2.full.c2afdeda3058.js", "admin/js/vendor/select2/select2.full.min.js": "admin/js/vendor/select2/select2.full.min.fcd7500d8e13.js", "admin/js/vendor/xregexp/LICENSE.txt": "admin\\js\\vendor\\xregexp\\LICENSE.b6fd2ceea8d3.txt", "admin/js/vendor/xregexp/xregexp.js": "admin/js/vendor/xregexp/xregexp.a7e08b0ce686.js", "admin/js/vendor/xregexp/xregexp.min.js": "admin/js/vendor/xregexp/xregexp.min.f1ae4617847c.js", "vendor/select2/dist/css/select2.css": "vendor/select2/dist/css/select2.e6de4a7c42df.css", "vendor/select2/dist/css/select2.min.css": "vendor/select2/dist/css/select2.min.e71c39430469.css", "admin/img/gis/move_vertex_off.svg": "admin\\img\\gis\\move_vertex_off.7a23bf31ef8a.svg", "admin/img/gis/move_vertex_on.svg": "admin\\img\\gis\\move_vertex_on.0047eba25b67.svg", "admin/js/admin/DateTimeShortcuts.js": "admin/js/admin/DateTimeShortcuts.9f6e209cebca.js", "admin/js/admin/RelatedObjectLookups.js": "admin/js/admin/RelatedObjectLookups.ef211845e458.js", "admin/css/autocomplete.css": "admin/css/autocomplete.4a81fc4242d0.css", "admin/css/base.css": "admin/css/base.9f65b5cd54b3.css", "admin/css/changelists.css": "admin/css/changelists.47cb433b29d4.css", "admin/css/dark_mode.css": "admin/css/dark_mode.e18e9a052429.css", "admin/css/dashboard.css": "admin/css/dashboard.e90f2068217b.css", "admin/css/forms.css": "admin/css/forms.b29a0c8c9155.css", "admin/css/login.css": "admin/css/login.586129c60a93.css", "admin/css/nav_sidebar.css": "admin/css/nav_sidebar.dd925738f4cc.css", "admin/css/responsive.css": "admin/css/responsive.eafb93ff084c.css", "admin/css/responsive_rtl.css": "admin/css/responsive_rtl.7d1130848605.css", "admin/css/rtl.css": "admin/css/rtl.aa92d763340b.css", "admin/css/widgets.css": "admin/css/widgets.8a70ea6d8850.css", "admin/img/calendar-icons.svg": "admin\\img\\calendar-icons.39b290681a8b.svg", "admin/img/icon-addlink.svg": "admin\\img\\icon-addlink.d519b3bab011.svg", "admin/img/icon-alert.svg": "admin\\img\\icon-alert.034cc7d8a67f.svg", "admin/img/icon-calendar.svg": "admin\\img\\icon-calendar.ac7aea671bea.svg", "admin/img/icon-changelink.svg": "admin\\img\\icon-changelink.18d2fd706348.svg", "admin/img/icon-clock.svg": "admin\\img\\icon-clock.e1d4dfac3f2b.svg", "admin/img/icon-deletelink.svg": "admin\\img\\icon-deletelink.564ef9dc3854.svg", "admin/img/icon-hidelink.svg": "admin\\img\\icon-hidelink.8d245a995e18.svg", "admin/img/icon-no.svg": "admin\\img\\icon-no.439e821418cd.svg", "admin/img/icon-unknown-alt.svg": "admin\\img\\icon-unknown-alt.81536e128bb6.svg", "admin/img/icon-unknown.svg": "admin\\img\\icon-unknown.a18cb4398978.svg", "admin/img/icon-viewlink.svg": "admin\\img\\icon-viewlink.41eb31f7826e.svg", "admin/img/icon-yes.svg": "admin\\img\\icon-yes.d2f9f035226a.svg", "admin/img/inline-delete.svg": "admin\\img\\inline-delete.fec1b761f254.svg", "admin/img/LICENSE": "admin\\img\\LICENSE.2c54f4e1ca1c", "admin/img/README.txt": "admin\\img\\README.a70711a38d87.txt", "admin/img/search.svg": "admin\\img\\search.7cf54ff789c6.svg", "admin/img/selector-icons.svg": "admin\\img\\selector-icons.b4555096cea2.svg", "admin/img/sorting-icons.svg": "admin\\img\\sorting-icons.3a097b59f104.svg", "admin/img/tooltag-add.svg": "admin\\img\\tooltag-add.e59d620a9742.svg", "admin/img/tooltag-arrowright.svg": "admin\\img\\tooltag-arrowright.bbfb788a849e.svg", "admin/js/actions.js": "admin/js/actions.867b023a736d.js", "admin/js/autocomplete.js": "admin/js/autocomplete.01591ab27be7.js", "admin/js/calendar.js": "admin/js/calendar.d64496bbf46d.js", "admin/js/cancel.js": "admin/js/cancel.ecc4c5ca7b32.js", "admin/js/change_form.js": "admin/js/change_form.9d8ca4f96b75.js", "admin/js/collapse.js": "admin/js/collapse.f84e7410290f.js", "admin/js/core.js": "admin/js/core.7e257fdf56dc.js", "admin/js/filters.js": "admin/js/filters.0e360b7a9f80.js", "admin/js/inlines.js": "admin/js/inlines.22d4d93c00b4.js", "admin/js/jquery.init.js": "admin/js/jquery.init.b7781a0897fc.js", "admin/js/nav_sidebar.js": "admin/js/nav_sidebar.3b9190d420b1.js", "admin/js/popup_response.js": "admin/js/popup_response.c6cc78ea5551.js", "admin/js/prepopulate.js": "admin/js/prepopulate.bd2361dfd64d.js", "admin/js/prepopulate_init.js": "admin/js/prepopulate_init.6cac7f3105b8.js", "admin/js/SelectBox.js": "admin/js/SelectBox.7d3ce5a98007.js", "admin/js/SelectFilter2.js": "admin/js/SelectFilter2.b8cf7343ff9e.js", "admin/js/theme.js": "admin/js/theme.ab270f56bb9c.js", "admin/js/urlify.js": "admin/js/urlify.ae970a820212.js", "autocomplete_light/i18n/af.js": "autocomplete_light/i18n/af.08f6856e31e4.js", "autocomplete_light/i18n/ar.js": "autocomplete_light/i18n/ar.dbca951f22ee.js", "autocomplete_light/i18n/az.js": "autocomplete_light/i18n/az.0318a12dcdcf.js", "autocomplete_light/i18n/bg.js": "autocomplete_light/i18n/bg.47aae8014159.js", "autocomplete_light/i18n/bn.js": "autocomplete_light/i18n/bn.992ae785b67b.js", "autocomplete_light/i18n/bs.js": "autocomplete_light/i18n/bs.73f02d2bc78b.js", "autocomplete_light/i18n/ca.js": "autocomplete_light/i18n/ca.d5bc1adcc506.js", "autocomplete_light/i18n/cs.js": "autocomplete_light/i18n/cs.b014f8a9d053.js", "autocomplete_light/i18n/da.js": "autocomplete_light/i18n/da.7e6b47b64999.js", "autocomplete_light/i18n/de.js": "autocomplete_light/i18n/de.26726bb0254b.js", "autocomplete_light/i18n/dsb.js": "autocomplete_light/i18n/dsb.de974281fb4c.js", "autocomplete_light/i18n/el.js": "autocomplete_light/i18n/el.01dccf56ba10.js", "autocomplete_light/i18n/en.js": "autocomplete_light/i18n/en.453389283ed0.js", "autocomplete_light/i18n/eo.js": "autocomplete_light/i18n/eo.83bb568aff5f.js", "autocomplete_light/i18n/es.js": "autocomplete_light/i18n/es.3d3481193211.js", "autocomplete_light/i18n/et.js": "autocomplete_light/i18n/et.328e364c65da.js", "autocomplete_light/i18n/eu.js": "autocomplete_light/i18n/eu.1b85da4a7c79.js", "autocomplete_light/i18n/fa.js": "autocomplete_light/i18n/fa.991e0afa4b95.js", "autocomplete_light/i18n/fi.js": "autocomplete_light/i18n/fi.afa2e6d3097c.js", "autocomplete_light/i18n/fr.js": "autocomplete_light/i18n/fr.a90ac0597e23.js", "autocomplete_light/i18n/gl.js": "autocomplete_light/i18n/gl.3fed04837787.js", "autocomplete_light/i18n/he.js": "autocomplete_light/i18n/he.8c0d7f1ad505.js", "autocomplete_light/i18n/hi.js": "autocomplete_light/i18n/hi.5d3a16766150.js", "autocomplete_light/i18n/hr.js": "autocomplete_light/i18n/hr.84368977c8e6.js", "autocomplete_light/i18n/hsb.js": "autocomplete_light/i18n/hsb.e03c64b5befa.js", "autocomplete_light/i18n/hu.js": "autocomplete_light/i18n/hu.a624261b1458.js", "autocomplete_light/i18n/hy.js": "autocomplete_light/i18n/hy.5770f8aa2d72.js", "autocomplete_light/i18n/id.js": "autocomplete_light/i18n/id.627c10583b30.js", "autocomplete_light/i18n/is.js": "autocomplete_light/i18n/is.4c55c2ddf89e.js", "autocomplete_light/i18n/it.js": "autocomplete_light/i18n/it.5a4f134d5049.js", "autocomplete_light/i18n/ja.js": "autocomplete_light/i18n/ja.053c36db7d21.js", "autocomplete_light/i18n/ka.js": "autocomplete_light/i18n/ka.9f4cbab7c862.js", "autocomplete_light/i18n/km.js": "autocomplete_light/i18n/km.c2d6c2dd6b5e.js", "autocomplete_light/i18n/ko.js": "autocomplete_light/i18n/ko.10f38c0a1def.js", "autocomplete_light/i18n/lt.js": "autocomplete_light/i18n/lt.a3df6ad72a34.js", "autocomplete_light/i18n/lv.js": "autocomplete_light/i18n/lv.76f7b9a02526.js", "autocomplete_light/i18n/mk.js": "autocomplete_light/i18n/mk.6012a113f209.js", "autocomplete_light/i18n/ms.js": "autocomplete_light/i18n/ms.5a5cac519265.js", "autocomplete_light/i18n/nb.js": "autocomplete_light/i18n/nb.adf8de8b6b5b.js", "autocomplete_light/i18n/ne.js": "autocomplete_light/i18n/ne.e191f8b7a86f.js", "autocomplete_light/i18n/nl.js": "autocomplete_light/i18n/nl.f7541a458595.js", "autocomplete_light/i18n/pa.js": "autocomplete_light/i18n/pa.2bbfc2e7a836.js", "autocomplete_light/i18n/pl.js": "autocomplete_light/i18n/pl.d30373a327ab.js", "autocomplete_light/i18n/ps.js": "autocomplete_light/i18n/ps.6e017ff6e721.js", "autocomplete_light/i18n/pt-BR.js": "autocomplete_light/i18n/pt-BR.9db4c72263ff.js", "autocomplete_light/i18n/pt.js": "autocomplete_light/i18n/pt.d003f2fa2680.js", "autocomplete_light/i18n/ro.js": "autocomplete_light/i18n/ro.4d69253bbb89.js", "autocomplete_light/i18n/ru.js": "autocomplete_light/i18n/ru.38cfaf2c4d8c.js", "autocomplete_light/i18n/sk.js": "autocomplete_light/i18n/sk.90ada7a15ebc.js", "autocomplete_light/i18n/sl.js": "autocomplete_light/i18n/sl.82a142320d64.js", "autocomplete_light/i18n/sq.js": "autocomplete_light/i18n/sq.d753b9285974.js", "autocomplete_light/i18n/sr-Cyrl.js": "autocomplete_light/i18n/sr-Cyrl.f9b9bbf44aff.js", "autocomplete_light/i18n/sr.js": "autocomplete_light/i18n/sr.60d16e1a9cd3.js", "autocomplete_light/i18n/sv.js": "autocomplete_light/i18n/sv.ff03b0ab90a9.js", "autocomplete_light/i18n/te.js": "autocomplete_light/i18n/te.7da54b50a1c0.js", "autocomplete_light/i18n/th.js": "autocomplete_light/i18n/th.779087dc884b.js", "autocomplete_light/i18n/tk.js": "autocomplete_light/i18n/tk.53d68b79a5d7.js", "autocomplete_light/i18n/tr.js": "autocomplete_light/i18n/tr.cac70a8384f2.js", "autocomplete_light/i18n/uk.js": "autocomplete_light/i18n/uk.2594b6900c62.js", "autocomplete_light/i18n/vi.js": "autocomplete_light/i18n/vi.587a1b1ae3e0.js", "autocomplete_light/i18n/zh-CN.js": "autocomplete_light/i18n/zh-CN.b705162826e4.js", "autocomplete_light/i18n/zh-TW.js": "autocomplete_light/i18n/zh-TW.9b72d052125a.js", "autocomplete_light/autocomplete_light.js": "autocomplete_light/autocomplete_light.0b3f0181198c.js", "autocomplete_light/autocomplete_light.min.js": "autocomplete_light/autocomplete_light.min.130dd8872cf8.js", "autocomplete_light/select2.css": "autocomplete_light/select2.a2fdafb163ba.css", "autocomplete_light/select2.js": "autocomplete_light/select2.a20087736031.js", "autocomplete_light/select2.min.js": "autocomplete_light/select2.min.2ca8c9f98cfb.js"}, "version": "1.1", "hash": "105db061bfb9"}